level,country,state,session,chamber,bill_id,type,name,leg_id
state,us,co,2011A,lower,HB 11-1002,primary,NIKKEL,COL000073
state,us,co,2011A,lower,HB 11-1002,primary,KOPP,
state,us,co,2011A,lower,HB 11-1273,primary,NIKKEL,COL000073
state,us,co,2011A,lower,HB 11-1273,primary,KOPP,
state,us,co,2011A,lower,HB 11-1076,primary,RIESBERG,
state,us,co,2011A,lower,HB 11-1076,primary,ROBERTS,COL000017
state,us,co,2011A,lower,HB 11-1216,primary,RIESBERG,
state,us,co,2011A,lower,HB 11-1216,primary,AGUILAR,COL000035
state,us,co,2011A,lower,HB 11-1041,primary,RIESBERG,
state,us,co,2011A,lower,HB 11-1041,primary,HARVEY,COL000031
state,us,co,2011A,lower,HB 11-1128,primary,RIESBERG,
state,us,co,2011A,lower,HB 11-1128,primary,WILLIAMS S.,COL000009
state,us,co,2011A,lower,HB 11-1173,primary,RIESBERG,
state,us,co,2011A,lower,HB 11-1173,primary,JAHN,COL000005
state,us,co,2011A,lower,HB 11-1115,primary,PRIOLA,COL000036
state,us,co,2011A,lower,HB 11-1115,primary,TOCHTROP,COL000001
state,us,co,2011A,lower,HB 11-1145,primary,MCCANN,COL000072
state,us,co,2011A,lower,HB 11-1145,primary,TOCHTROP,COL000001
state,us,co,2011A,lower,HB 11-1163,primary,VAAD,COL000098
state,us,co,2011A,lower,HB 11-1163,primary,TOCHTROP,COL000001
state,us,co,2011A,lower,HB 11-1211,primary,PACE,COL000055
state,us,co,2011A,lower,HB 11-1211,primary,TOCHTROP,COL000001
state,us,co,2011A,lower,HB 11-1222,primary,CONTI,COL000076
state,us,co,2011A,lower,HB 11-1222,primary,TOCHTROP,COL000001
state,us,co,2011A,lower,HB 11-1243,primary,PACE,COL000055
state,us,co,2011A,lower,HB 11-1243,primary,TOCHTROP,COL000001
state,us,co,2011A,lower,HB 11-1272,primary,VAAD,COL000098
state,us,co,2011A,lower,HB 11-1272,primary,TOCHTROP,COL000001
state,us,co,2011A,lower,HB 11-1015,primary,JONES,COL000082
state,us,co,2011A,lower,HB 11-1015,primary,TOCHTROP,COL000001
state,us,co,2011A,lower,HB 11-1040,primary,BROWN,COL000077
state,us,co,2011A,lower,HB 11-1040,primary,TOCHTROP,COL000001
state,us,co,2011A,lower,HB 11-1050,primary,SOPER,COL000075
state,us,co,2011A,lower,HB 11-1050,primary,TOCHTROP,COL000001
state,us,co,2011A,lower,HB 11-1070,primary,SOPER,COL000075
state,us,co,2011A,lower,HB 11-1070,primary,TOCHTROP,COL000001
state,us,co,2011A,lower,HB 11-1144,primary,SOLANO,COL000089
state,us,co,2011A,lower,HB 11-1144,primary,TOCHTROP,COL000001
state,us,co,2011A,lower,HB 11-1202,primary,LABUDA,COL000063
state,us,co,2011A,lower,HB 11-1202,primary,TOCHTROP,COL000001
state,us,co,2011A,lower,HB 11-1249,primary,PRIOLA,COL000036
state,us,co,2011A,lower,HB 11-1249,primary,TOCHTROP,COL000001
state,us,co,2011A,lower,HB 11-1251,primary,CONTI,COL000076
state,us,co,2011A,lower,HB 11-1251,primary,TOCHTROP,COL000001
state,us,co,2011A,lower,HB 11-1269,primary,MIKLOSI,COL000071
state,us,co,2011A,lower,HB 11-1269,primary,TOCHTROP,COL000001
state,us,co,2011A,lower,HB 11-1156,primary,BECKER,COL000043
state,us,co,2011A,lower,HB 11-1156,primary,HODGE,COL000002
state,us,co,2011A,lower,HB 11-1182,primary,FERRANDINO,COL000066
state,us,co,2011A,lower,HB 11-1182,primary,HODGE,COL000002
state,us,co,2011A,lower,HB 11-1279,primary,SONNENBERG,COL000045
state,us,co,2011A,lower,HB 11-1279,primary,HODGE,COL000002
state,us,co,2011A,lower,HB 11-1161,primary,GEROU,COL000048
state,us,co,2011A,lower,HB 11-1161,primary,HODGE,COL000002
state,us,co,2011A,lower,HB 11-1289,primary,SONNENBERG,COL000045
state,us,co,2011A,lower,HB 11-1289,primary,HODGE,COL000002
state,us,co,2011A,lower,HB 11-1306,primary,PRIOLA,COL000036
state,us,co,2011A,lower,HB 11-1306,primary,HODGE,COL000002
state,us,co,2011A,lower,HB 11-1312,primary,BECKER,COL000043
state,us,co,2011A,lower,HB 11-1312,primary,HODGE,COL000002
state,us,co,2011A,lower,HB 11-1045,primary,KEFALAS,COL000094
state,us,co,2011A,lower,HB 11-1045,primary,NEWELL,COL000003
state,us,co,2011A,lower,HB 11-1188,primary,LISTON,COL000086
state,us,co,2011A,lower,HB 11-1188,primary,NEWELL,COL000003
state,us,co,2011A,lower,HB 11-1195,primary,GARDNER B.,COL000052
state,us,co,2011A,lower,HB 11-1195,primary,NEWELL,COL000003
state,us,co,2011A,lower,HB 11-1227,primary,PENISTON,COL000064
state,us,co,2011A,lower,HB 11-1227,primary,NEWELL,COL000003
state,us,co,2011A,lower,HB 11-1244,primary,FISCHER,COL000093
state,us,co,2011A,lower,HB 11-1244,primary,NEWELL,COL000003
state,us,co,2011A,lower,HB 11-1258,primary,BAUMGARDNER,COL000099
state,us,co,2011A,lower,HB 11-1258,primary,NEWELL,COL000003
state,us,co,2011A,lower,HB 11-1287,primary,LEVY,COL000081
state,us,co,2011A,lower,HB 11-1287,primary,NEWELL,COL000003
state,us,co,2011A,lower,HB 11-1295,primary,ACREE,COL000061
state,us,co,2011A,lower,HB 11-1295,primary,NEWELL,COL000003
state,us,co,2011A,lower,HJR 11-1015,primary,NIKKEL,COL000073
state,us,co,2011A,lower,HJR 11-1015,primary,NEWELL,COL000003
state,us,co,2011A,lower,HB 11-1009,primary,WALLER,COL000083
state,us,co,2011A,lower,HB 11-1009,primary,NEWELL,COL000003
state,us,co,2011A,lower,HB 11-1027,primary,LOOPER,COL000087
state,us,co,2011A,lower,HB 11-1027,primary,NEWELL,COL000003
state,us,co,2011A,lower,HB 11-1032,primary,LEE,COL000088
state,us,co,2011A,lower,HB 11-1032,primary,NEWELL,COL000003
state,us,co,2011A,lower,HB 11-1102,primary,SUMMERS,COL000053
state,us,co,2011A,lower,HB 11-1102,primary,NEWELL,COL000003
state,us,co,2011A,lower,HB 11-1153,primary,HULLINGHORST,COL000080
state,us,co,2011A,lower,HB 11-1153,primary,NEWELL,COL000003
state,us,co,2011A,lower,HB 11-1181,primary,KEFALAS,COL000094
state,us,co,2011A,lower,HB 11-1181,primary,NEWELL,COL000003
state,us,co,2011A,lower,HB 11-1219,primary,LEVY,COL000081
state,us,co,2011A,lower,HB 11-1219,primary,NEWELL,COL000003
state,us,co,2011A,lower,HB 11-1234,primary,VAAD,COL000098
state,us,co,2011A,lower,HB 11-1234,primary,SPENCE,COL000004
state,us,co,2011A,lower,HB 11-1246,primary,TODD,COL000062
state,us,co,2011A,lower,HB 11-1246,primary,SPENCE,COL000004
state,us,co,2011A,lower,HB 11-1298,primary,TYLER,COL000054
state,us,co,2011A,lower,HB 11-1298,primary,SPENCE,COL000004
state,us,co,2011A,lower,HB 11-1055,primary,BEEZLEY,COL000095
state,us,co,2011A,lower,HB 11-1055,primary,SPENCE,COL000004
state,us,co,2011A,lower,HB 11-1059,primary,SWALM,COL000097
state,us,co,2011A,lower,HB 11-1059,primary,SPENCE,COL000004
state,us,co,2011A,lower,HB 11-1077,primary,PENISTON,COL000064
state,us,co,2011A,lower,HB 11-1077,primary,SPENCE,COL000004
state,us,co,2011A,lower,HB 11-1168,primary,MURRAY,COL000058
state,us,co,2011A,lower,HB 11-1168,primary,SPENCE,COL000004
state,us,co,2011A,lower,HB 11-1183,primary,BRADFORD,COL000096
state,us,co,2011A,lower,HB 11-1183,primary,SPENCE,COL000004
state,us,co,2011A,lower,HB 11-1207,primary,MASSEY,COL000040
state,us,co,2011A,lower,HB 11-1207,primary,SPENCE,COL000004
state,us,co,2011A,lower,HB 11-1212,primary,TYLER,COL000054
state,us,co,2011A,lower,HB 11-1212,primary,SPENCE,COL000004
state,us,co,2011A,lower,HB 11-1221,primary,FIELDS,COL000059
state,us,co,2011A,lower,HB 11-1221,primary,SPENCE,COL000004
state,us,co,2011A,lower,HB 11-1226,primary,CONTI,COL000076
state,us,co,2011A,lower,HB 11-1226,primary,SPENCE,COL000004
state,us,co,2011A,lower,HB 11-1270,primary,BEEZLEY,COL000095
state,us,co,2011A,lower,HB 11-1270,primary,SPENCE,COL000004
state,us,co,2011A,lower,HB 11-1318,primary,STEPHENS,COL000051
state,us,co,2011A,lower,HB 11-1318,primary,SPENCE,COL000004
state,us,co,2011A,lower,HB 11-1026,primary,GEROU,COL000048
state,us,co,2011A,lower,HB 11-1026,primary,JAHN,COL000005
state,us,co,2011A,lower,HB 11-1033,primary,WILLIAMS A.,COL000069
state,us,co,2011A,lower,HB 11-1033,primary,JAHN,COL000005
state,us,co,2011A,lower,HB 11-1190,primary,SONNENBERG,COL000045
state,us,co,2011A,lower,HB 11-1190,primary,JAHN,COL000005
state,us,co,2011A,lower,HB 11-1293,primary,STEPHENS,COL000051
state,us,co,2011A,lower,HB 11-1293,primary,JAHN,COL000005
state,us,co,2011A,lower,HJR 11-1019,primary,GARDNER B.,COL000052
state,us,co,2011A,lower,HJR 11-1019,primary,JAHN,COL000005
state,us,co,2011A,lower,HB 11-1058,primary,PABON,COL000068
state,us,co,2011A,lower,HB 11-1058,primary,JAHN,COL000005
state,us,co,2011A,lower,HB 11-1074,primary,GEROU,COL000048
state,us,co,2011A,lower,HB 11-1074,primary,JAHN,COL000005
state,us,co,2011A,lower,HB 11-1079,primary,CASSO,COL000046
state,us,co,2011A,lower,HB 11-1079,primary,JAHN,COL000005
state,us,co,2011A,lower,HB 11-1085,primary,SCHAFER S.,COL000047
state,us,co,2011A,lower,HB 11-1085,primary,JAHN,COL000005
state,us,co,2011A,lower,HB 11-1111,primary,SONNENBERG,COL000045
state,us,co,2011A,lower,HB 11-1111,primary,JAHN,COL000005
state,us,co,2011A,lower,HB 11-1122,primary,SCHAFER S.,COL000047
state,us,co,2011A,lower,HB 11-1122,primary,JAHN,COL000005
state,us,co,2011A,lower,HB 11-1150,primary,BECKER,COL000043
state,us,co,2011A,lower,HB 11-1150,primary,JAHN,COL000005
state,us,co,2011A,lower,HB 11-1160,primary,GEROU,COL000048
state,us,co,2011A,lower,HB 11-1160,primary,JAHN,COL000005
state,us,co,2011A,lower,HB 11-1213,primary,WILLIAMS A.,COL000069
state,us,co,2011A,lower,HB 11-1213,primary,JAHN,COL000005
state,us,co,2011A,lower,HB 11-1260,primary,DELGROSSO,COL000091
state,us,co,2011A,lower,HB 11-1260,primary,JAHN,COL000005
state,us,co,2011A,lower,HB 11-1313,primary,MASSEY,COL000040
state,us,co,2011A,lower,HB 11-1313,primary,JAHN,COL000005
state,us,co,2011A,lower,HB 11-1314,primary,SONNENBERG,COL000045
state,us,co,2011A,lower,HB 11-1314,primary,JAHN,COL000005
state,us,co,2011A,lower,HB 11-1016,primary,SUMMERS,COL000053
state,us,co,2011A,lower,HB 11-1016,primary,BOYD,COL000006
state,us,co,2011A,lower,HB 11-1230,primary,DURAN,COL000067
state,us,co,2011A,lower,HB 11-1230,primary,BOYD,COL000006
state,us,co,2011A,lower,HB 11-1281,primary,JOSHI,COL000084
state,us,co,2011A,lower,HB 11-1281,primary,BOYD,COL000006
state,us,co,2011A,lower,HJR 11-1018,primary,MASSEY,COL000040
state,us,co,2011A,lower,HJR 11-1018,primary,BOYD,COL000006
state,us,co,2011A,lower,HB 11-1019,primary,KAGAN,COL000065
state,us,co,2011A,lower,HB 11-1019,primary,BOYD,COL000006
state,us,co,2011A,lower,HB 11-1030,primary,GARDNER B.,COL000052
state,us,co,2011A,lower,HB 11-1030,primary,BOYD,COL000006
state,us,co,2011A,lower,HB 11-1148,primary,LABUDA,COL000063
state,us,co,2011A,lower,HB 11-1148,primary,BOYD,COL000006
state,us,co,2011A,lower,HB 11-1152,primary,LABUDA,COL000063
state,us,co,2011A,lower,HB 11-1152,primary,BOYD,COL000006
state,us,co,2011A,lower,HB 11-1164,primary,PRIOLA,COL000036
state,us,co,2011A,lower,HB 11-1164,primary,BOYD,COL000006
state,us,co,2011A,lower,HB 11-1193,primary,LABUDA,COL000063
state,us,co,2011A,lower,HB 11-1193,primary,BOYD,COL000006
state,us,co,2011A,lower,HB 11-1194,primary,FIELDS,COL000059
state,us,co,2011A,lower,HB 11-1194,primary,BOYD,COL000006
state,us,co,2011A,lower,HB 11-1217,primary,ACREE,COL000061
state,us,co,2011A,lower,HB 11-1217,primary,BOYD,COL000006
state,us,co,2011A,lower,HB 11-1285,primary,STEPHENS,COL000051
state,us,co,2011A,lower,HB 11-1285,primary,BOYD,COL000006
state,us,co,2011A,lower,HB 11-1323,primary,MASSEY,COL000040
state,us,co,2011A,lower,HB 11-1323,primary,BOYD,COL000006
state,us,co,2011A,lower,HB 11-1185,primary,RAMIREZ,COL000039
state,us,co,2011A,lower,HB 11-1185,primary,MITCHELL,COL000008
state,us,co,2011A,lower,HB 11-1267,primary,MCCANN,COL000072
state,us,co,2011A,lower,HB 11-1267,primary,MITCHELL,COL000008
state,us,co,2011A,lower,HB 11-1178,primary,LOOPER,COL000087
state,us,co,2011A,lower,HB 11-1178,primary,WILLIAMS S.,COL000009
state,us,co,2011A,lower,HB 11-1220,primary,BEEZLEY,COL000095
state,us,co,2011A,lower,HB 11-1220,primary,WILLIAMS S.,COL000009
state,us,co,2011A,lower,HB 11-1236,primary,TODD,COL000062
state,us,co,2011A,lower,HB 11-1236,primary,WILLIAMS S.,COL000009
state,us,co,2011A,lower,HB 11-1275,primary,PRIOLA,COL000036
state,us,co,2011A,lower,HB 11-1275,primary,WILLIAMS S.,COL000009
state,us,co,2011A,lower,HB 11-1302,primary,WALLER,COL000083
state,us,co,2011A,lower,HB 11-1302,primary,WILLIAMS S.,COL000009
state,us,co,2011A,lower,HB 11-1108,primary,FIELDS,COL000059
state,us,co,2011A,lower,HB 11-1108,primary,CARROLL,COL000010
state,us,co,2011A,lower,HB 11-1229,primary,COURT,COL000070
state,us,co,2011A,lower,HB 11-1229,primary,CARROLL,COL000010
state,us,co,2011A,lower,HB 11-1232,primary,COURT,COL000070
state,us,co,2011A,lower,HB 11-1232,primary,CARROLL,COL000010
state,us,co,2011A,lower,HB 11-1315,primary,GARDNER B.,COL000052
state,us,co,2011A,lower,HB 11-1315,primary,CARROLL,COL000010
state,us,co,2011A,lower,HJR 11-1020,primary,GARDNER B.,COL000052
state,us,co,2011A,lower,HJR 11-1020,primary,CARROLL,COL000010
state,us,co,2011A,lower,HJR 11-1022,primary,FIELDS,COL000059
state,us,co,2011A,lower,HJR 11-1022,primary,CARROLL,COL000010
state,us,co,2011A,lower,HB 11-1023,primary,FERRANDINO,COL000066
state,us,co,2011A,lower,HB 11-1023,primary,CARROLL,COL000010
state,us,co,2011A,lower,HB 11-1035,primary,COURT,COL000070
state,us,co,2011A,lower,HB 11-1035,primary,CARROLL,COL000010
state,us,co,2011A,lower,HB 11-1037,primary,RYDEN,COL000092
state,us,co,2011A,lower,HB 11-1037,primary,CARROLL,COL000010
state,us,co,2011A,lower,HB 11-1118,primary,KERR J.,COL000038
state,us,co,2011A,lower,HB 11-1118,primary,CARROLL,COL000010
state,us,co,2011A,lower,HB 11-1124,primary,WILLIAMS A.,COL000069
state,us,co,2011A,lower,HB 11-1124,primary,CARROLL,COL000010
state,us,co,2011A,lower,HB 11-1127,primary,KAGAN,COL000065
state,us,co,2011A,lower,HB 11-1127,primary,CARROLL,COL000010
state,us,co,2011A,lower,HB 11-1282,primary,GARDNER B.,COL000052
state,us,co,2011A,lower,HB 11-1282,primary,CARROLL,COL000010
state,us,co,2011A,lower,HB 11-1005,primary,SONNENBERG,COL000045
state,us,co,2011A,lower,HB 11-1005,primary,BROPHY,COL000011
state,us,co,2011A,lower,HB 11-1092,primary,KERR A.,COL000049
state,us,co,2011A,lower,HB 11-1092,primary,BROPHY,COL000011
state,us,co,2011A,lower,HB 11-1192,primary,CORAM,COL000078
state,us,co,2011A,lower,HB 11-1192,primary,BROPHY,COL000011
state,us,co,2011A,lower,HB 11-1231,primary,FISCHER,COL000093
state,us,co,2011A,lower,HB 11-1231,primary,BROPHY,COL000011
state,us,co,2011A,lower,HB 11-1010,primary,ACREE,COL000061
state,us,co,2011A,lower,HB 11-1010,primary,BROPHY,COL000011
state,us,co,2011A,lower,HB 11-1024,primary,VIGIL,COL000042
state,us,co,2011A,lower,HB 11-1024,primary,BROPHY,COL000011
state,us,co,2011A,lower,HB 11-1116,primary,SZABO,COL000050
state,us,co,2011A,lower,HB 11-1116,primary,BROPHY,COL000011
state,us,co,2011A,lower,HB 11-1187,primary,SONNENBERG,COL000045
state,us,co,2011A,lower,HB 11-1187,primary,BROPHY,COL000011
state,us,co,2011A,lower,HB 11-1205,primary,HOLBERT,COL000057
state,us,co,2011A,lower,HB 11-1205,primary,BROPHY,COL000011
state,us,co,2011A,lower,HB 11-1271,primary,SCOTT,COL000037
state,us,co,2011A,lower,HB 11-1271,primary,BROPHY,COL000011
state,us,co,2011A,lower,HB 11-1280,primary,BEEZLEY,COL000095
state,us,co,2011A,lower,HB 11-1280,primary,BROPHY,COL000011
state,us,co,2011A,lower,HB 11-1303,primary,GARDNER B.,COL000052
state,us,co,2011A,lower,HB 11-1303,primary,BROPHY,COL000011
state,us,co,2011A,lower,HB 11-1319,primary,BALMER,COL000074
state,us,co,2011A,lower,HB 11-1319,primary,BROPHY,COL000011
state,us,co,2011A,lower,HB 11-1324,primary,ACREE,COL000061
state,us,co,2011A,lower,HB 11-1324,primary,BROPHY,COL000011
state,us,co,2011A,lower,HB 11-1011,primary,PENISTON,COL000064
state,us,co,2011A,lower,HB 11-1011,primary,GIRON,COL000012
state,us,co,2011A,lower,HB 11-1068,primary,FISCHER,COL000093
state,us,co,2011A,lower,HB 11-1068,primary,GIRON,COL000012
state,us,co,2011A,lower,HB 11-1109,primary,LISTON,COL000086
state,us,co,2011A,lower,HB 11-1109,primary,GIRON,COL000012
state,us,co,2011A,lower,HJR 11-1005,primary,PACE,COL000055
state,us,co,2011A,lower,HJR 11-1005,primary,GIRON,COL000012
state,us,co,2011A,lower,HB 11-1083,primary,SWERDFEGER,COL000056
state,us,co,2011A,lower,HB 11-1083,primary,GIRON,COL000012
state,us,co,2011A,lower,HB 11-1087,primary,VIGIL,COL000042
state,us,co,2011A,lower,HB 11-1087,primary,GIRON,COL000012
state,us,co,2011A,lower,HB 11-1311,primary,SWERDFEGER,COL000056
state,us,co,2011A,lower,HB 11-1311,primary,GIRON,COL000012
state,us,co,2011A,lower,HB 11-1300,primary,LOOPER,COL000087
state,us,co,2011A,lower,HB 11-1300,primary,GRANTHAM,COL000013
state,us,co,2011A,lower,HJR 11-1017,primary,SWALM,COL000097
state,us,co,2011A,lower,HJR 11-1017,primary,GRANTHAM,COL000013
state,us,co,2011A,lower,HB 11-1084,primary,BAUMGARDNER,COL000099
state,us,co,2011A,lower,HB 11-1084,primary,GRANTHAM,COL000013
state,us,co,2011A,lower,HB 11-1034,primary,WILSON,COL000041
state,us,co,2011A,lower,HB 11-1034,primary,SCHWARTZ,COL000014
state,us,co,2011A,lower,HB 11-1047,primary,JONES,COL000082
state,us,co,2011A,lower,HB 11-1047,primary,SCHWARTZ,COL000014
state,us,co,2011A,lower,HB 11-1062,primary,VIGIL,COL000042
state,us,co,2011A,lower,HB 11-1062,primary,SCHWARTZ,COL000014
state,us,co,2011A,lower,HB 11-1081,primary,BROWN,COL000077
state,us,co,2011A,lower,HB 11-1081,primary,SCHWARTZ,COL000014
state,us,co,2011A,lower,HB 11-1133,primary,WILSON,COL000041
state,us,co,2011A,lower,HB 11-1133,primary,SCHWARTZ,COL000014
state,us,co,2011A,lower,HB 11-1159,primary,CORAM,COL000078
state,us,co,2011A,lower,HB 11-1159,primary,SCHWARTZ,COL000014
state,us,co,2011A,lower,HB 11-1198,primary,KERR J.,COL000038
state,us,co,2011A,lower,HB 11-1198,primary,SCHWARTZ,COL000014
state,us,co,2011A,lower,HB 11-1228,primary,SOLANO,COL000089
state,us,co,2011A,lower,HB 11-1228,primary,SCHWARTZ,COL000014
state,us,co,2011A,lower,HB 11-1247,primary,PABON,COL000068
state,us,co,2011A,lower,HB 11-1247,primary,SCHWARTZ,COL000014
state,us,co,2011A,lower,HB 11-1255,primary,DELGROSSO,COL000091
state,us,co,2011A,lower,HB 11-1255,primary,SCHWARTZ,COL000014
state,us,co,2011A,lower,HB 11-1274,primary,SONNENBERG,COL000045
state,us,co,2011A,lower,HB 11-1274,primary,SCHWARTZ,COL000014
state,us,co,2011A,lower,HJR 11-1011,primary,SONNENBERG,COL000045
state,us,co,2011A,lower,HJR 11-1011,primary,SCHWARTZ,COL000014
state,us,co,2011A,lower,HB 11-1006,primary,CORAM,COL000078
state,us,co,2011A,lower,HB 11-1006,primary,SCHWARTZ,COL000014
state,us,co,2011A,lower,HB 11-1158,primary,BRADFORD,COL000096
state,us,co,2011A,lower,HB 11-1158,primary,SCHWARTZ,COL000014
state,us,co,2011A,lower,HB 11-1177,primary,SONNENBERG,COL000045
state,us,co,2011A,lower,HB 11-1177,primary,SCHWARTZ,COL000014
state,us,co,2011A,lower,HB 11-1286,primary,SONNENBERG,COL000045
state,us,co,2011A,lower,HB 11-1286,primary,SCHWARTZ,COL000014
state,us,co,2011A,lower,HB 11-1301,primary,WALLER,COL000083
state,us,co,2011A,lower,HB 11-1301,primary,SCHWARTZ,COL000014
state,us,co,2011A,lower,HJR 11-1008,primary,SONNENBERG,COL000045
state,us,co,2011A,lower,HJR 11-1008,primary,SCHWARTZ,COL000014
state,us,co,2011A,lower,HJR 11-1012,primary,STEPHENS,COL000051
state,us,co,2011A,lower,HJR 11-1012,primary,SCHEFFEL,COL000015
state,us,co,2011A,lower,HB 11-1141,primary,HOLBERT,COL000057
state,us,co,2011A,lower,HB 11-1141,primary,SCHEFFEL,COL000015
state,us,co,2011A,lower,HB 11-1263,primary,PRIOLA,COL000036
state,us,co,2011A,lower,HB 11-1263,primary,SCHEFFEL,COL000015
state,us,co,2011A,lower,HB 11-1080,primary,TODD,COL000062
state,us,co,2011A,lower,HB 11-1080,primary,KING S.,COL000016
state,us,co,2011A,lower,HB 11-1261,primary,WALLER,COL000083
state,us,co,2011A,lower,HB 11-1261,primary,KING S.,COL000016
state,us,co,2011A,lower,HJR 11-1024,primary,BRADFORD,COL000096
state,us,co,2011A,lower,HJR 11-1024,primary,KING S.,COL000016
state,us,co,2011A,lower,HB 11-1007,primary,BRADFORD,COL000096
state,us,co,2011A,lower,HB 11-1007,primary,KING S.,COL000016
state,us,co,2011A,lower,HB 11-1018,primary,TYLER,COL000054
state,us,co,2011A,lower,HB 11-1018,primary,KING S.,COL000016
state,us,co,2011A,lower,HB 11-1036,primary,GARDNER D.,COL000079
state,us,co,2011A,lower,HB 11-1036,primary,KING S.,COL000016
state,us,co,2011A,lower,HB 11-1051,primary,SWERDFEGER,COL000056
state,us,co,2011A,lower,HB 11-1051,primary,KING S.,COL000016
state,us,co,2011A,lower,HB 11-1117,primary,MCCANN,COL000072
state,us,co,2011A,lower,HB 11-1117,primary,KING S.,COL000016
state,us,co,2011A,lower,HB 11-1136,primary,WILLIAMS A.,COL000069
state,us,co,2011A,lower,HB 11-1136,primary,KING S.,COL000016
state,us,co,2011A,lower,HB 11-1223,primary,SCOTT,COL000037
state,us,co,2011A,lower,HB 11-1223,primary,KING S.,COL000016
state,us,co,2011A,lower,HB 11-1308,primary,BAUMGARDNER,COL000099
state,us,co,2011A,lower,HB 11-1308,primary,KING S.,COL000016
state,us,co,2011A,lower,HB 11-1014,primary,DELGROSSO,COL000091
state,us,co,2011A,lower,HB 11-1014,primary,ROBERTS,COL000017
state,us,co,2011A,lower,HB 11-1090,primary,COURT,COL000070
state,us,co,2011A,lower,HB 11-1090,primary,ROBERTS,COL000017
state,us,co,2011A,lower,HB 11-1120,primary,GEROU,COL000048
state,us,co,2011A,lower,HB 11-1120,primary,ROBERTS,COL000017
state,us,co,2011A,lower,HB 11-1200,primary,BARKER,COL000085
state,us,co,2011A,lower,HB 11-1200,primary,ROBERTS,COL000017
state,us,co,2011A,lower,HB 11-1248,primary,KERR J.,COL000038
state,us,co,2011A,lower,HB 11-1248,primary,ROBERTS,COL000017
state,us,co,2011A,lower,HB 11-1008,primary,KERR J.,COL000038
state,us,co,2011A,lower,HB 11-1008,primary,ROBERTS,COL000017
state,us,co,2011A,lower,HB 11-1049,primary,BARKER,COL000085
state,us,co,2011A,lower,HB 11-1049,primary,ROBERTS,COL000017
state,us,co,2011A,lower,HB 11-1106,primary,GARDNER B.,COL000052
state,us,co,2011A,lower,HB 11-1106,primary,ROBERTS,COL000017
state,us,co,2011A,lower,HB 11-1123,primary,CORAM,COL000078
state,us,co,2011A,lower,HB 11-1123,primary,ROBERTS,COL000017
state,us,co,2011A,lower,HB 11-1239,primary,NIKKEL,COL000073
state,us,co,2011A,lower,HB 11-1239,primary,ROBERTS,COL000017
state,us,co,2011A,lower,HB 11-1276,primary,BROWN,COL000077
state,us,co,2011A,lower,HB 11-1276,primary,ROBERTS,COL000017
state,us,co,2011A,lower,HB 11-1098,primary,SCOTT,COL000037
state,us,co,2011A,lower,HB 11-1098,primary,LAMBERT,COL000018
state,us,co,2011A,lower,HB 11-1257,primary,BECKER,COL000043
state,us,co,2011A,lower,HB 11-1257,primary,LAMBERT,COL000018
state,us,co,2011A,lower,HB 11-1088,primary,BARKER,COL000085
state,us,co,2011A,lower,HB 11-1088,primary,LAMBERT,COL000018
state,us,co,2011A,lower,HB 11-1105,primary,ACREE,COL000061
state,us,co,2011A,lower,HB 11-1105,primary,WHITE,COL000019
state,us,co,2011A,lower,HB 11-1157,primary,CASSO,COL000046
state,us,co,2011A,lower,HB 11-1157,primary,WHITE,COL000019
state,us,co,2011A,lower,HB 11-1218,primary,BAUMGARDNER,COL000099
state,us,co,2011A,lower,HB 11-1218,primary,WHITE,COL000019
state,us,co,2011A,lower,HB 11-1264,primary,PRIOLA,COL000036
state,us,co,2011A,lower,HB 11-1264,primary,WHITE,COL000019
state,us,co,2011A,lower,HB 11-1294,primary,BROWN,COL000077
state,us,co,2011A,lower,HB 11-1294,primary,WHITE,COL000019
state,us,co,2011A,lower,HB 11-1052,primary,HULLINGHORST,COL000080
state,us,co,2011A,lower,HB 11-1052,primary,MORSE,COL000020
state,us,co,2011A,lower,HB 11-1072,primary,MCNULTY,COL000060
state,us,co,2011A,lower,HB 11-1072,primary,MORSE,COL000020
state,us,co,2011A,lower,HB 11-1091,primary,LISTON,COL000086
state,us,co,2011A,lower,HB 11-1091,primary,MORSE,COL000020
state,us,co,2011A,lower,HB 11-1100,primary,LOOPER,COL000087
state,us,co,2011A,lower,HB 11-1100,primary,MORSE,COL000020
state,us,co,2011A,lower,HB 11-1101,primary,SWALM,COL000097
state,us,co,2011A,lower,HB 11-1101,primary,MORSE,COL000020
state,us,co,2011A,lower,HB 11-1138,primary,GARDNER B.,COL000052
state,us,co,2011A,lower,HB 11-1138,primary,MORSE,COL000020
state,us,co,2011A,lower,HB 11-1154,primary,HAMNER,COL000090
state,us,co,2011A,lower,HB 11-1154,primary,MORSE,COL000020
state,us,co,2011A,lower,HB 11-1288,primary,LISTON,COL000086
state,us,co,2011A,lower,HB 11-1288,primary,MORSE,COL000020
state,us,co,2011A,lower,HJR 11-1001,primary,STEPHENS,COL000051
state,us,co,2011A,lower,HJR 11-1001,primary,MORSE,COL000020
state,us,co,2011A,lower,HJR 11-1002,primary,STEPHENS,COL000051
state,us,co,2011A,lower,HJR 11-1002,primary,MORSE,COL000020
state,us,co,2011A,lower,HJR 11-1003,primary,STEPHENS,COL000051
state,us,co,2011A,lower,HJR 11-1003,primary,MORSE,COL000020
state,us,co,2011A,lower,HJR 11-1006,primary,BARKER,COL000085
state,us,co,2011A,lower,HJR 11-1006,primary,MORSE,COL000020
state,us,co,2011A,lower,HJR 11-1027,primary,STEPHENS,COL000051
state,us,co,2011A,lower,HJR 11-1027,primary,MORSE,COL000020
state,us,co,2011A,lower,HB 11-1001,primary,GARDNER B.,COL000052
state,us,co,2011A,lower,HB 11-1001,primary,MORSE,COL000020
state,us,co,2011A,lower,HB 11-1022,primary,SCOTT,COL000037
state,us,co,2011A,lower,HB 11-1022,primary,MORSE,COL000020
state,us,co,2011A,lower,HB 11-1073,primary,BARKER,COL000085
state,us,co,2011A,lower,HB 11-1073,primary,MORSE,COL000020
state,us,co,2011A,lower,HB 11-1175,primary,BALMER,COL000074
state,us,co,2011A,lower,HB 11-1175,primary,MORSE,COL000020
state,us,co,2011A,lower,HB 11-1278,primary,GARDNER B.,COL000052
state,us,co,2011A,lower,HB 11-1278,primary,MORSE,COL000020
state,us,co,2011A,lower,HB 11-1291,primary,MCNULTY,COL000060
state,us,co,2011A,lower,HB 11-1291,primary,MORSE,COL000020
state,us,co,2011A,lower,HB 11-1093,primary,BRADFORD,COL000096
state,us,co,2011A,lower,HB 11-1093,primary,CADMAN,COL000021
state,us,co,2011A,lower,HB 11-1284,primary,LISTON,COL000086
state,us,co,2011A,lower,HB 11-1284,primary,CADMAN,COL000021
state,us,co,2011A,lower,HB 11-1304,primary,SZABO,COL000050
state,us,co,2011A,lower,HB 11-1304,primary,CADMAN,COL000021
state,us,co,2011A,lower,HB 11-1322,primary,LOOPER,COL000087
state,us,co,2011A,lower,HB 11-1322,primary,CADMAN,COL000021
state,us,co,2011A,lower,HB 11-1065,primary,BALMER,COL000074
state,us,co,2011A,lower,HB 11-1065,primary,CADMAN,COL000021
state,us,co,2011A,lower,HB 11-1240,primary,SWALM,COL000097
state,us,co,2011A,lower,HB 11-1240,primary,CADMAN,COL000021
state,us,co,2011A,lower,HB 11-1297,primary,MURRAY,COL000058
state,us,co,2011A,lower,HB 11-1297,primary,CADMAN,COL000021
state,us,co,2011A,lower,HB 11-1320,primary,JOSHI,COL000084
state,us,co,2011A,lower,HB 11-1320,primary,CADMAN,COL000021
state,us,co,2011A,lower,HB 11-1321,primary,LOOPER,COL000087
state,us,co,2011A,lower,HB 11-1321,primary,CADMAN,COL000021
state,us,co,2011A,lower,HB 11-1044,primary,HOLBERT,COL000057
state,us,co,2011A,lower,HB 11-1044,primary,RENFROE,COL000022
state,us,co,2011A,lower,HB 11-1060,primary,TODD,COL000062
state,us,co,2011A,lower,HB 11-1060,primary,RENFROE,COL000022
state,us,co,2011A,lower,HB 11-1082,primary,VAAD,COL000098
state,us,co,2011A,lower,HB 11-1082,primary,RENFROE,COL000022
state,us,co,2011A,lower,HB 11-1174,primary,VAAD,COL000098
state,us,co,2011A,lower,HB 11-1174,primary,RENFROE,COL000022
state,us,co,2011A,lower,HB 11-1176,primary,RAMIREZ,COL000039
state,us,co,2011A,lower,HB 11-1176,primary,RENFROE,COL000022
state,us,co,2011A,lower,HB 11-1250,primary,ACREE,COL000061
state,us,co,2011A,lower,HB 11-1250,primary,RENFROE,COL000022
state,us,co,2011A,lower,HB 11-1309,primary,BAUMGARDNER,COL000099
state,us,co,2011A,lower,HB 11-1309,primary,RENFROE,COL000022
state,us,co,2011A,lower,HB 11-1089,primary,CONTI,COL000076
state,us,co,2011A,lower,HB 11-1089,primary,KING K.,COL000023
state,us,co,2011A,lower,HB 11-1121,primary,RAMIREZ,COL000039
state,us,co,2011A,lower,HB 11-1121,primary,KING K.,COL000023
state,us,co,2011A,lower,HJR 11-1025,primary,LOOPER,COL000087
state,us,co,2011A,lower,HJR 11-1025,primary,KING K.,COL000023
state,us,co,2011A,lower,HB 11-1184,primary,MCCANN,COL000072
state,us,co,2011A,lower,HB 11-1184,primary,KING K.,COL000023
state,us,co,2011A,lower,HB 11-1189,primary,FIELDS,COL000059
state,us,co,2011A,lower,HB 11-1189,primary,KING K.,COL000023
state,us,co,2011A,lower,HB 11-1299,primary,BARKER,COL000085
state,us,co,2011A,lower,HB 11-1299,primary,KING K.,COL000023
state,us,co,2011A,lower,HB 11-1048,primary,SWALM,COL000097
state,us,co,2011A,lower,HB 11-1048,primary,LUNDBERG,COL000024
state,us,co,2011A,lower,HB 11-1095,primary,NIKKEL,COL000073
state,us,co,2011A,lower,HB 11-1095,primary,LUNDBERG,COL000024
state,us,co,2011A,lower,HB 11-1241,primary,DELGROSSO,COL000091
state,us,co,2011A,lower,HB 11-1241,primary,LUNDBERG,COL000024
state,us,co,2011A,lower,HB 11-1025,primary,JOSHI,COL000084
state,us,co,2011A,lower,HB 11-1025,primary,LUNDBERG,COL000024
state,us,co,2011A,lower,HB 11-1057,primary,FISCHER,COL000093
state,us,co,2011A,lower,HB 11-1057,primary,BACON,COL000025
state,us,co,2011A,lower,HB 11-1071,primary,HAMNER,COL000090
state,us,co,2011A,lower,HB 11-1071,primary,BACON,COL000025
state,us,co,2011A,lower,HB 11-1199,primary,GARDNER B.,COL000052
state,us,co,2011A,lower,HB 11-1199,primary,BACON,COL000025
state,us,co,2011A,lower,HB 11-1237,primary,SWERDFEGER,COL000056
state,us,co,2011A,lower,HB 11-1237,primary,BACON,COL000025
state,us,co,2011A,lower,HJR 11-1010,primary,NIKKEL,COL000073
state,us,co,2011A,lower,HJR 11-1010,primary,BACON,COL000025
state,us,co,2011A,lower,HB 11-1013,primary,SCHAFER S.,COL000047
state,us,co,2011A,lower,HB 11-1013,primary,BACON,COL000025
state,us,co,2011A,lower,HB 11-1206,primary,GARDNER B.,COL000052
state,us,co,2011A,lower,HB 11-1206,primary,BACON,COL000025
state,us,co,2011A,lower,HB 11-1235,primary,WILSON,COL000041
state,us,co,2011A,lower,HB 11-1235,primary,BACON,COL000025
state,us,co,2011A,lower,HB 11-1277,primary,MASSEY,COL000040
state,us,co,2011A,lower,HB 11-1277,primary,BACON,COL000025
state,us,co,2011A,lower,HB 11-1310,primary,SONNENBERG,COL000045
state,us,co,2011A,lower,HB 11-1310,primary,BACON,COL000025
state,us,co,2011A,lower,HB 11-1155,primary,MCNULTY,COL000060
state,us,co,2011A,lower,HB 11-1155,primary,SHAFFER B.,COL000026
state,us,co,2011A,lower,HJR 11-1021,primary,RYDEN,COL000092
state,us,co,2011A,lower,HJR 11-1021,primary,SHAFFER B.,COL000026
state,us,co,2011A,lower,HB 11-1042,primary,LEVY,COL000081
state,us,co,2011A,lower,HB 11-1042,primary,NICHOLSON,COL000027
state,us,co,2011A,lower,HB 11-1119,primary,LEVY,COL000081
state,us,co,2011A,lower,HB 11-1119,primary,NICHOLSON,COL000027
state,us,co,2011A,lower,HB 11-1165,primary,SOPER,COL000075
state,us,co,2011A,lower,HB 11-1165,primary,NICHOLSON,COL000027
state,us,co,2011A,lower,HB 11-1179,primary,GEROU,COL000048
state,us,co,2011A,lower,HB 11-1179,primary,NICHOLSON,COL000027
state,us,co,2011A,lower,HB 11-1201,primary,HAMNER,COL000090
state,us,co,2011A,lower,HB 11-1201,primary,NICHOLSON,COL000027
state,us,co,2011A,lower,HB 11-1242,primary,FERRANDINO,COL000066
state,us,co,2011A,lower,HB 11-1242,primary,NICHOLSON,COL000027
state,us,co,2011A,lower,HJR 11-1026,primary,KEFALAS,COL000094
state,us,co,2011A,lower,HJR 11-1026,primary,NICHOLSON,COL000027
state,us,co,2011A,lower,HB 11-1151,primary,HAMNER,COL000090
state,us,co,2011A,lower,HB 11-1151,primary,NICHOLSON,COL000027
state,us,co,2011A,lower,HB 11-1167,primary,FERRANDINO,COL000066
state,us,co,2011A,lower,HB 11-1167,primary,NICHOLSON,COL000027
state,us,co,2011A,lower,HB 11-1203,primary,LEE,COL000088
state,us,co,2011A,lower,HB 11-1203,primary,NICHOLSON,COL000027
state,us,co,2011A,lower,HB 11-1210,primary,HAMNER,COL000090
state,us,co,2011A,lower,HB 11-1210,primary,NICHOLSON,COL000027
state,us,co,2011A,lower,HB 11-1268,primary,LEVY,COL000081
state,us,co,2011A,lower,HB 11-1268,primary,NICHOLSON,COL000027
state,us,co,2011A,lower,HJR 11-1016,primary,LABUDA,COL000063
state,us,co,2011A,lower,HJR 11-1016,primary,HUDAK,COL000028
state,us,co,2011A,lower,HB 11-1126,primary,DURAN,COL000067
state,us,co,2011A,lower,HB 11-1126,primary,HUDAK,COL000028
state,us,co,2011A,lower,HB 11-1209,primary,JONES,COL000082
state,us,co,2011A,lower,HB 11-1209,primary,HEATH,COL000029
state,us,co,2011A,lower,HB 11-1290,primary,LISTON,COL000086
state,us,co,2011A,lower,HB 11-1290,primary,HEATH,COL000029
state,us,co,2011A,lower,HJR 11-1004,primary,TODD,COL000062
state,us,co,2011A,lower,HJR 11-1004,primary,HEATH,COL000029
state,us,co,2011A,lower,HB 11-1130,primary,PRIOLA,COL000036
state,us,co,2011A,lower,HB 11-1130,primary,HEATH,COL000029
state,us,co,2011A,lower,HB 11-1137,primary,HULLINGHORST,COL000080
state,us,co,2011A,lower,HB 11-1137,primary,HEATH,COL000029
state,us,co,2011A,lower,HB 11-1169,primary,LEVY,COL000081
state,us,co,2011A,lower,HB 11-1169,primary,HEATH,COL000029
state,us,co,2011A,lower,HB 11-1043,primary,MASSEY,COL000040
state,us,co,2011A,lower,HB 11-1043,primary,STEADMAN,COL000030
state,us,co,2011A,lower,HB 11-1056,primary,KERR A.,COL000049
state,us,co,2011A,lower,HB 11-1056,primary,STEADMAN,COL000030
state,us,co,2011A,lower,HB 11-1064,primary,WALLER,COL000083
state,us,co,2011A,lower,HB 11-1064,primary,STEADMAN,COL000030
state,us,co,2011A,lower,HB 11-1104,primary,FERRANDINO,COL000066
state,us,co,2011A,lower,HB 11-1104,primary,STEADMAN,COL000030
state,us,co,2011A,lower,HB 11-1171,primary,FERRANDINO,COL000066
state,us,co,2011A,lower,HB 11-1171,primary,STEADMAN,COL000030
state,us,co,2011A,lower,HB 11-1254,primary,PRIOLA,COL000036
state,us,co,2011A,lower,HB 11-1254,primary,STEADMAN,COL000030
state,us,co,2011A,lower,HB 11-1256,primary,WALLER,COL000083
state,us,co,2011A,lower,HB 11-1256,primary,STEADMAN,COL000030
state,us,co,2011A,lower,HB 11-1283,primary,GEROU,COL000048
state,us,co,2011A,lower,HB 11-1283,primary,STEADMAN,COL000030
state,us,co,2011A,lower,HB 11-1296,primary,KAGAN,COL000065
state,us,co,2011A,lower,HB 11-1296,primary,STEADMAN,COL000030
state,us,co,2011A,lower,HB 11-1307,primary,BECKER,COL000043
state,us,co,2011A,lower,HB 11-1307,primary,STEADMAN,COL000030
state,us,co,2011A,lower,HJR 11-1013,primary,RAMIREZ,COL000039
state,us,co,2011A,lower,HJR 11-1013,primary,STEADMAN,COL000030
state,us,co,2011A,lower,HB 11-1017,primary,DURAN,COL000067
state,us,co,2011A,lower,HB 11-1017,primary,STEADMAN,COL000030
state,us,co,2011A,lower,HB 11-1021,primary,TODD,COL000062
state,us,co,2011A,lower,HB 11-1021,primary,STEADMAN,COL000030
state,us,co,2011A,lower,HB 11-1053,primary,SOLANO,COL000089
state,us,co,2011A,lower,HB 11-1053,primary,STEADMAN,COL000030
state,us,co,2011A,lower,HB 11-1146,primary,MASSEY,COL000040
state,us,co,2011A,lower,HB 11-1146,primary,STEADMAN,COL000030
state,us,co,2011A,lower,HB 11-1259,primary,GEROU,COL000048
state,us,co,2011A,lower,HB 11-1259,primary,STEADMAN,COL000030
state,us,co,2011A,lower,HB 11-1004,primary,BAUMGARDNER,COL000099
state,us,co,2011A,lower,HB 11-1004,primary,HARVEY,COL000031
state,us,co,2011A,lower,HB 11-1107,primary,BAUMGARDNER,COL000099
state,us,co,2011A,lower,HB 11-1107,primary,HARVEY,COL000031
state,us,co,2011A,lower,HB 11-1110,primary,ACREE,COL000061
state,us,co,2011A,lower,HB 11-1110,primary,HARVEY,COL000031
state,us,co,2011A,lower,HB 11-1149,primary,ACREE,COL000061
state,us,co,2011A,lower,HB 11-1149,primary,HARVEY,COL000031
state,us,co,2011A,lower,HJR 11-1009,primary,HOLBERT,COL000057
state,us,co,2011A,lower,HJR 11-1009,primary,HARVEY,COL000031
state,us,co,2011A,lower,HB 11-1003,primary,SUMMERS,COL000053
state,us,co,2011A,lower,HB 11-1003,primary,HARVEY,COL000031
state,us,co,2011A,lower,HB 11-1054,primary,RAMIREZ,COL000039
state,us,co,2011A,lower,HB 11-1054,primary,HARVEY,COL000031
state,us,co,2011A,lower,HB 11-1140,primary,BALMER,COL000074
state,us,co,2011A,lower,HB 11-1140,primary,HARVEY,COL000031
state,us,co,2011A,lower,HB 11-1252,primary,HOLBERT,COL000057
state,us,co,2011A,lower,HB 11-1252,primary,HARVEY,COL000031
state,us,co,2011A,lower,HJR 11-1014,primary,COURT,COL000070
state,us,co,2011A,lower,HJR 11-1014,primary,FOSTER,COL000032
state,us,co,2011A,lower,HB 11-1031,primary,MIKLOSI,COL000071
state,us,co,2011A,lower,HB 11-1031,primary,FOSTER,COL000032
state,us,co,2011A,lower,HB 11-1113,primary,HOLBERT,COL000057
state,us,co,2011A,lower,HB 11-1113,primary,FOSTER,COL000032
state,us,co,2011A,lower,HB 11-1196,primary,SUMMERS,COL000053
state,us,co,2011A,lower,HB 11-1196,primary,FOSTER,COL000032
state,us,co,2011A,lower,HB 11-1317,primary,GEROU,COL000048
state,us,co,2011A,lower,HB 11-1317,primary,FOSTER,COL000032
state,us,co,2011A,lower,HB 11-1097,primary,BARKER,COL000085
state,us,co,2011A,lower,HB 11-1097,primary,GUZMAN,COL000033
state,us,co,2011A,lower,HB 11-1180,primary,LEVY,COL000081
state,us,co,2011A,lower,HB 11-1180,primary,GUZMAN,COL000033
state,us,co,2011A,lower,HB 11-1186,primary,RYDEN,COL000092
state,us,co,2011A,lower,HB 11-1186,primary,GUZMAN,COL000033
state,us,co,2011A,lower,HB 11-1131,primary,MURRAY,COL000058
state,us,co,2011A,lower,HB 11-1131,primary,JOHNSTON,COL000034
state,us,co,2011A,lower,HB 11-1265,primary,STEPHENS,COL000051
state,us,co,2011A,lower,HB 11-1265,primary,JOHNSTON,COL000034
state,us,co,2011A,lower,HB 11-1316,primary,PRIOLA,COL000036
state,us,co,2011A,lower,HB 11-1316,primary,JOHNSTON,COL000034
state,us,co,2011A,lower,HJR 11-1007,primary,DELGROSSO,COL000091
state,us,co,2011A,lower,HJR 11-1007,primary,JOHNSTON,COL000034
state,us,co,2011A,lower,HB 11-1028,primary,LISTON,COL000086
state,us,co,2011A,lower,HB 11-1028,primary,JOHNSTON,COL000034
state,us,co,2011A,lower,HB 11-1204,primary,KERR A.,COL000049
state,us,co,2011A,lower,HB 11-1204,primary,JOHNSTON,COL000034
state,us,co,2011A,lower,HB 11-1262,primary,BECKER,COL000043
state,us,co,2011A,lower,HB 11-1262,primary,JOHNSTON,COL000034
state,us,co,2011A,lower,HB 11-1305,primary,DELGROSSO,COL000091
state,us,co,2011A,lower,HB 11-1305,primary,JOHNSTON,COL000034
state,us,co,2011A,lower,HB 11-1094,primary,HULLINGHORST,COL000080
state,us,co,2011A,lower,HB 11-1094,primary,AGUILAR,COL000035
state,us,co,2011A,lower,HB 11-1029,primary,LABUDA,COL000063
state,us,co,2011A,lower,HB 11-1029,primary,AGUILAR,COL000035
state,us,co,2011A,lower,HB 11-1069,primary,MASSEY,COL000040
state,us,co,2011A,lower,HB 11-1069,primary,AGUILAR,COL000035
state,us,co,2011A,lower,HB 11-1166,primary,MURRAY,COL000058
state,us,co,2011A,lower,HB 11-1166,primary,AGUILAR,COL000035
state,us,co,2011A,lower,HB 11-1245,primary,KEFALAS,COL000094
state,us,co,2011A,lower,HB 11-1245,primary,AGUILAR,COL000035
state,us,co,2011A,lower,HJR 11-1023,primary,ACREE,COL000061
state,us,co,2011A,lower,HJR 11-1023,primary,AGUILAR,COL000035
state,us,co,2011A,lower,HB 11-1143,primary,DURAN,COL000067
state,us,co,2011A,lower,HB 11-1143,primary,AGUILAR,COL000035
state,us,co,2011A,lower,HB 11-1139,primary,KERR J.,COL000038
state,us,co,2011A,lower,HR 11-1011,primary,RAMIREZ,COL000039
state,us,co,2011A,lower,HB 11-1114,primary,RAMIREZ,COL000039
state,us,co,2011A,lower,HR 11-1003,primary,MASSEY,COL000040
state,us,co,2011A,lower,HR 11-1004,primary,MASSEY,COL000040
state,us,co,2011A,lower,HR 11-1006,primary,MASSEY,COL000040
state,us,co,2011A,lower,HB 11-1253,primary,MASSEY,COL000040
state,us,co,2011A,lower,HB 11-1172,primary,WILSON,COL000041
state,us,co,2011A,lower,HB 11-1067,primary,VIGIL,COL000042
state,us,co,2011A,lower,HM 11-1005,primary,VIGIL,COL000042
state,us,co,2011A,lower,HB 11-1075,primary,BECKER,COL000043
state,us,co,2011A,lower,HB 11-1038,primary,MCKINLEY,COL000044
state,us,co,2011A,lower,HB 11-1063,primary,MCKINLEY,COL000044
state,us,co,2011A,lower,HB 11-1066,primary,MCKINLEY,COL000044
state,us,co,2011A,lower,HB 11-1208,primary,MCKINLEY,COL000044
state,us,co,2011A,lower,HB 11-1012,primary,CASSO,COL000046
state,us,co,2011A,lower,HB 11-1135,primary,CASSO,COL000046
state,us,co,2011A,lower,HB 11-1103,primary,KERR A.,COL000049
state,us,co,2011A,lower,HR 11-1013,primary,SZABO,COL000050
state,us,co,2011A,lower,HR 11-1001,primary,STEPHENS,COL000051
state,us,co,2011A,lower,HR 11-1002,primary,STEPHENS,COL000051
state,us,co,2011A,lower,HR 11-1005,primary,STEPHENS,COL000051
state,us,co,2011A,lower,HB 11-1292,primary,GARDNER B.,COL000052
state,us,co,2011A,lower,HB 11-1147,primary,TYLER,COL000054
state,us,co,2011A,lower,HB 11-1191,primary,TYLER,COL000054
state,us,co,2011A,lower,HM 11-1001,primary,PACE,COL000055
state,us,co,2011A,lower,HR 11-1009,primary,HOLBERT,COL000057
state,us,co,2011A,lower,HR 11-1007,primary,MCNULTY,COL000060
state,us,co,2011A,lower,HR 11-1014,primary,MCNULTY,COL000060
state,us,co,2011A,lower,HR 11-1010,primary,ACREE,COL000061
state,us,co,2011A,lower,HB 11-1099,primary,KAGAN,COL000065
state,us,co,2011A,lower,HB 11-1061,primary,FERRANDINO,COL000066
state,us,co,2011A,lower,HB 11-1238,primary,DURAN,COL000067
state,us,co,2011A,lower,HB 11-1129,primary,PABON,COL000068
state,us,co,2011A,lower,HB 11-1134,primary,PABON,COL000068
state,us,co,2011A,lower,HB 11-1225,primary,PABON,COL000068
state,us,co,2011A,lower,HR 11-1008,primary,WILLIAMS A.,COL000069
state,us,co,2011A,lower,HB 11-1233,primary,WILLIAMS A.,COL000069
state,us,co,2011A,lower,HB 11-1039,primary,MCCANN,COL000072
state,us,co,2011A,lower,HB 11-1020,primary,BALMER,COL000074
state,us,co,2011A,lower,HB 11-1162,primary,BALMER,COL000074
state,us,co,2011A,lower,HM 11-1002,primary,SOPER,COL000075
state,us,co,2011A,lower,HR 11-1012,primary,CONTI,COL000076
state,us,co,2011A,lower,HB 11-1096,primary,GARDNER D.,COL000079
state,us,co,2011A,lower,HB 11-1214,primary,GARDNER D.,COL000079
state,us,co,2011A,lower,HB 11-1197,primary,GARDNER D.,COL000079
state,us,co,2011A,lower,HB 11-1224,primary,JOSHI,COL000084
state,us,co,2011A,lower,HB 11-1112,primary,LOOPER,COL000087
state,us,co,2011A,lower,HB 11-1132,primary,LEE,COL000088
state,us,co,2011A,lower,HB 11-1266,primary,LEE,COL000088
state,us,co,2011A,lower,HB 11-1142,primary,RYDEN,COL000092
state,us,co,2011A,lower,HB 11-1215,primary,RYDEN,COL000092
state,us,co,2011A,lower,HB 11-1125,primary,FISCHER,COL000093
state,us,co,2011A,lower,HB 11-1086,primary,KEFALAS,COL000094
state,us,co,2011A,lower,HB 11-1078,primary,KEFALAS,COL000094
state,us,co,2011A,lower,HB 11-1046,primary,VAAD,COL000098
state,us,co,2011A,lower,HM 11-1003,primary,VAAD,COL000098
state,us,co,2011A,lower,HM 11-1004,primary,VAAD,COL000098
state,us,co,2011A,lower,HM 11-1006,primary,VAAD,COL000098
state,us,co,2011A,lower,HB 11-1170,primary,BAUMGARDNER,COL000099
state,us,co,2011A,upper,SB 11-033,primary,KOPP,
state,us,co,2011A,upper,SB 11-033,primary,KERR J.,COL000038
state,us,co,2011A,upper,SB 11-041,primary,KOPP,
state,us,co,2011A,upper,SJR 11-015,primary,KOPP,
state,us,co,2011A,upper,SJR 11-015,primary,MCNULTY,COL000060
state,us,co,2011A,upper,SR 11-004,primary,KOPP,
state,us,co,2011A,upper,SB 11-134,primary,KOPP,
state,us,co,2011A,upper,SB 11-134,primary,MURRAY,COL000058
state,us,co,2011A,upper,SB 11-167,primary,KOPP,
state,us,co,2011A,upper,SB 11-167,primary,PRIOLA,COL000036
state,us,co,2011A,upper,SJR 11-053,primary,BOYD,COL000006
state,us,co,2011A,upper,SJR 11-053,primary,RIESBERG,
state,us,co,2011A,upper,SB 11-199,primary,TOCHTROP,COL000001
state,us,co,2011A,upper,SB 11-199,primary,RIESBERG,
state,us,co,2011A,upper,SB 11-017,primary,TOCHTROP,COL000001
state,us,co,2011A,upper,SB 11-017,primary,MIKLOSI,COL000071
state,us,co,2011A,upper,SB 11-010,primary,TOCHTROP,COL000001
state,us,co,2011A,upper,SB 11-010,primary,PRIOLA,COL000036
state,us,co,2011A,upper,SB 11-039,primary,TOCHTROP,COL000001
state,us,co,2011A,upper,SB 11-039,primary,MASSEY,COL000040
state,us,co,2011A,upper,SB 11-205,primary,TOCHTROP,COL000001
state,us,co,2011A,upper,SB 11-205,primary,MIKLOSI,COL000071
state,us,co,2011A,upper,SB 11-207,primary,TOCHTROP,COL000001
state,us,co,2011A,upper,SB 11-207,primary,PRIOLA,COL000036
state,us,co,2011A,upper,SB 11-236,primary,TOCHTROP,COL000001
state,us,co,2011A,upper,SJR 11-035,primary,TOCHTROP,COL000001
state,us,co,2011A,upper,SJR 11-035,primary,RYDEN,COL000092
state,us,co,2011A,upper,SJR 11-036,primary,TOCHTROP,COL000001
state,us,co,2011A,upper,SJR 11-036,primary,SOPER,COL000075
state,us,co,2011A,upper,SJR 11-041,primary,TOCHTROP,COL000001
state,us,co,2011A,upper,SJR 11-041,primary,ACREE,COL000061
state,us,co,2011A,upper,SJR 11-046,primary,TOCHTROP,COL000001
state,us,co,2011A,upper,SJR 11-046,primary,PABON,COL000068
state,us,co,2011A,upper,SB 11-180,primary,TOCHTROP,COL000001
state,us,co,2011A,upper,SB 11-180,primary,LOOPER,COL000087
state,us,co,2011A,upper,SB 11-249,primary,TOCHTROP,COL000001
state,us,co,2011A,upper,SB 11-249,primary,GARDNER B.,COL000052
state,us,co,2011A,upper,SB 11-263,primary,TOCHTROP,COL000001
state,us,co,2011A,upper,SB 11-263,primary,BECKER,COL000043
state,us,co,2011A,upper,SB 11-124,primary,HODGE,COL000002
state,us,co,2011A,upper,SB 11-124,primary,GEROU,COL000048
state,us,co,2011A,upper,SB 11-138,primary,HODGE,COL000002
state,us,co,2011A,upper,SB 11-138,primary,GEROU,COL000048
state,us,co,2011A,upper,SB 11-162,primary,HODGE,COL000002
state,us,co,2011A,upper,SB 11-162,primary,FERRANDINO,COL000066
state,us,co,2011A,upper,SB 11-164,primary,HODGE,COL000002
state,us,co,2011A,upper,SB 11-164,primary,GEROU,COL000048
state,us,co,2011A,upper,SB 11-220,primary,HODGE,COL000002
state,us,co,2011A,upper,SB 11-220,primary,FERRANDINO,COL000066
state,us,co,2011A,upper,SB 11-219,primary,HODGE,COL000002
state,us,co,2011A,upper,SB 11-219,primary,FERRANDINO,COL000066
state,us,co,2011A,upper,SB 11-135,primary,HODGE,COL000002
state,us,co,2011A,upper,SB 11-135,primary,GEROU,COL000048
state,us,co,2011A,upper,SB 11-136,primary,HODGE,COL000002
state,us,co,2011A,upper,SB 11-136,primary,GEROU,COL000048
state,us,co,2011A,upper,SB 11-137,primary,HODGE,COL000002
state,us,co,2011A,upper,SB 11-137,primary,GEROU,COL000048
state,us,co,2011A,upper,SB 11-139,primary,HODGE,COL000002
state,us,co,2011A,upper,SB 11-139,primary,GEROU,COL000048
state,us,co,2011A,upper,SB 11-140,primary,HODGE,COL000002
state,us,co,2011A,upper,SB 11-140,primary,GEROU,COL000048
state,us,co,2011A,upper,SB 11-141,primary,HODGE,COL000002
state,us,co,2011A,upper,SB 11-141,primary,GEROU,COL000048
state,us,co,2011A,upper,SB 11-142,primary,HODGE,COL000002
state,us,co,2011A,upper,SB 11-142,primary,GEROU,COL000048
state,us,co,2011A,upper,SB 11-143,primary,HODGE,COL000002
state,us,co,2011A,upper,SB 11-143,primary,GEROU,COL000048
state,us,co,2011A,upper,SB 11-144,primary,HODGE,COL000002
state,us,co,2011A,upper,SB 11-144,primary,GEROU,COL000048
state,us,co,2011A,upper,SB 11-145,primary,HODGE,COL000002
state,us,co,2011A,upper,SB 11-145,primary,GEROU,COL000048
state,us,co,2011A,upper,SB 11-146,primary,HODGE,COL000002
state,us,co,2011A,upper,SB 11-146,primary,GEROU,COL000048
state,us,co,2011A,upper,SB 11-147,primary,HODGE,COL000002
state,us,co,2011A,upper,SB 11-147,primary,GEROU,COL000048
state,us,co,2011A,upper,SB 11-148,primary,HODGE,COL000002
state,us,co,2011A,upper,SB 11-148,primary,GEROU,COL000048
state,us,co,2011A,upper,SB 11-149,primary,HODGE,COL000002
state,us,co,2011A,upper,SB 11-149,primary,GEROU,COL000048
state,us,co,2011A,upper,SB 11-150,primary,HODGE,COL000002
state,us,co,2011A,upper,SB 11-150,primary,GEROU,COL000048
state,us,co,2011A,upper,SB 11-151,primary,HODGE,COL000002
state,us,co,2011A,upper,SB 11-151,primary,GEROU,COL000048
state,us,co,2011A,upper,SB 11-152,primary,HODGE,COL000002
state,us,co,2011A,upper,SB 11-152,primary,GEROU,COL000048
state,us,co,2011A,upper,SB 11-153,primary,HODGE,COL000002
state,us,co,2011A,upper,SB 11-153,primary,GEROU,COL000048
state,us,co,2011A,upper,SB 11-154,primary,HODGE,COL000002
state,us,co,2011A,upper,SB 11-154,primary,GEROU,COL000048
state,us,co,2011A,upper,SB 11-155,primary,HODGE,COL000002
state,us,co,2011A,upper,SB 11-155,primary,GEROU,COL000048
state,us,co,2011A,upper,SB 11-20,primary,HODGE,COL000002
state,us,co,2011A,upper,SB 11-20,primary,GEROU,COL000048
state,us,co,2011A,upper,SB 11-210,primary,HODGE,COL000002
state,us,co,2011A,upper,SB 11-210,primary,FERRANDINO,COL000066
state,us,co,2011A,upper,SB 11-211,primary,HODGE,COL000002
state,us,co,2011A,upper,SB 11-211,primary,FERRANDINO,COL000066
state,us,co,2011A,upper,SB 11-212,primary,HODGE,COL000002
state,us,co,2011A,upper,SB 11-212,primary,GEROU,COL000048
state,us,co,2011A,upper,SB 11-213,primary,HODGE,COL000002
state,us,co,2011A,upper,SB 11-213,primary,GEROU,COL000048
state,us,co,2011A,upper,SB 11-214,primary,HODGE,COL000002
state,us,co,2011A,upper,SB 11-214,primary,BECKER,COL000043
state,us,co,2011A,upper,SB 11-215,primary,HODGE,COL000002
state,us,co,2011A,upper,SB 11-215,primary,BECKER,COL000043
state,us,co,2011A,upper,SB 11-216,primary,HODGE,COL000002
state,us,co,2011A,upper,SB 11-216,primary,FERRANDINO,COL000066
state,us,co,2011A,upper,SB 11-217,primary,HODGE,COL000002
state,us,co,2011A,upper,SB 11-217,primary,FERRANDINO,COL000066
state,us,co,2011A,upper,SB 11-218,primary,HODGE,COL000002
state,us,co,2011A,upper,SB 11-218,primary,FERRANDINO,COL000066
state,us,co,2011A,upper,SB 11-221,primary,HODGE,COL000002
state,us,co,2011A,upper,SB 11-221,primary,BECKER,COL000043
state,us,co,2011A,upper,SB 11-222,primary,HODGE,COL000002
state,us,co,2011A,upper,SB 11-222,primary,GEROU,COL000048
state,us,co,2011A,upper,SB 11-223,primary,HODGE,COL000002
state,us,co,2011A,upper,SB 11-223,primary,GEROU,COL000048
state,us,co,2011A,upper,SB 11-224,primary,HODGE,COL000002
state,us,co,2011A,upper,SB 11-224,primary,FERRANDINO,COL000066
state,us,co,2011A,upper,SB 11-225,primary,HODGE,COL000002
state,us,co,2011A,upper,SB 11-225,primary,GEROU,COL000048
state,us,co,2011A,upper,SB 11-226,primary,HODGE,COL000002
state,us,co,2011A,upper,SB 11-226,primary,GEROU,COL000048
state,us,co,2011A,upper,SB 11-233,primary,HODGE,COL000002
state,us,co,2011A,upper,SB 11-272,primary,HODGE,COL000002
state,us,co,2011A,upper,SB 11-272,primary,SUMMERS,COL000053
state,us,co,2011A,upper,SB 11-013,primary,NEWELL,COL000003
state,us,co,2011A,upper,SB 11-013,primary,LEE,COL000088
state,us,co,2011A,upper,SB 11-187,primary,NEWELL,COL000003
state,us,co,2011A,upper,SB 11-187,primary,FIELDS,COL000059
state,us,co,2011A,upper,SB 11-239,primary,NEWELL,COL000003
state,us,co,2011A,upper,SB 11-239,primary,SWERDFEGER,COL000056
state,us,co,2011A,upper,SB 11-248,primary,NEWELL,COL000003
state,us,co,2011A,upper,SB 11-248,primary,LOOPER,COL000087
state,us,co,2011A,upper,SJR 11-007,primary,NEWELL,COL000003
state,us,co,2011A,upper,SJR 11-007,primary,MCCANN,COL000072
state,us,co,2011A,upper,SJR 11-049,primary,NEWELL,COL000003
state,us,co,2011A,upper,SJR 11-049,primary,GARDNER B.,COL000052
state,us,co,2011A,upper,SB 11-120,primary,NEWELL,COL000003
state,us,co,2011A,upper,SB 11-120,primary,KEFALAS,COL000094
state,us,co,2011A,upper,SB 11-128,primary,NEWELL,COL000003
state,us,co,2011A,upper,SB 11-128,primary,MCCANN,COL000072
state,us,co,2011A,upper,SB 11-178,primary,NEWELL,COL000003
state,us,co,2011A,upper,SB 11-178,primary,SONNENBERG,COL000045
state,us,co,2011A,upper,SB 11-264,primary,NEWELL,COL000003
state,us,co,2011A,upper,SB 11-264,primary,GARDNER B.,COL000052
state,us,co,2011A,upper,SB 11-003,primary,SPENCE,COL000004
state,us,co,2011A,upper,SB 11-003,primary,TYLER,COL000054
state,us,co,2011A,upper,SB 11-040,primary,SPENCE,COL000004
state,us,co,2011A,upper,SB 11-040,primary,SUMMERS,COL000053
state,us,co,2011A,upper,SB 11-061,primary,SPENCE,COL000004
state,us,co,2011A,upper,SB 11-061,primary,FERRANDINO,COL000066
state,us,co,2011A,upper,SJR 11-025,primary,SPENCE,COL000004
state,us,co,2011A,upper,SJR 11-025,primary,WILLIAMS A.,COL000069
state,us,co,2011A,upper,SB 11-079,primary,SPENCE,COL000004
state,us,co,2011A,upper,SB 11-079,primary,MASSEY,COL000040
state,us,co,2011A,upper,SB 11-101,primary,SPENCE,COL000004
state,us,co,2011A,upper,SB 11-101,primary,SWALM,COL000097
state,us,co,2011A,upper,SB 11-106,primary,SPENCE,COL000004
state,us,co,2011A,upper,SB 11-106,primary,FERRANDINO,COL000066
state,us,co,2011A,upper,SB 11-014,primary,JAHN,COL000005
state,us,co,2011A,upper,SB 11-066,primary,JAHN,COL000005
state,us,co,2011A,upper,SB 11-066,primary,GARDNER B.,COL000052
state,us,co,2011A,upper,SB 11-067,primary,JAHN,COL000005
state,us,co,2011A,upper,SB 11-067,primary,MASSEY,COL000040
state,us,co,2011A,upper,SB 11-089,primary,JAHN,COL000005
state,us,co,2011A,upper,SB 11-089,primary,BEEZLEY,COL000095
state,us,co,2011A,upper,SB 11-108,primary,JAHN,COL000005
state,us,co,2011A,upper,SB 11-108,primary,SZABO,COL000050
state,us,co,2011A,upper,SJR 11-028,primary,JAHN,COL000005
state,us,co,2011A,upper,SJR 11-028,primary,WILLIAMS A.,COL000069
state,us,co,2011A,upper,SJR 11-045,primary,JAHN,COL000005
state,us,co,2011A,upper,SJR 11-045,primary,TYLER,COL000054
state,us,co,2011A,upper,SB 11-232,primary,JAHN,COL000005
state,us,co,2011A,upper,SB 11-232,primary,GARDNER B.,COL000052
state,us,co,2011A,upper,SB 11-234,primary,JAHN,COL000005
state,us,co,2011A,upper,SB 11-234,primary,MASSEY,COL000040
state,us,co,2011A,upper,SB 11-008,primary,BOYD,COL000006
state,us,co,2011A,upper,SB 11-008,primary,GEROU,COL000048
state,us,co,2011A,upper,SB 11-060,primary,BOYD,COL000006
state,us,co,2011A,upper,SB 11-060,primary,GARDNER B.,COL000052
state,us,co,2011A,upper,SB 11-094,primary,BOYD,COL000006
state,us,co,2011A,upper,SB 11-094,primary,SUMMERS,COL000053
state,us,co,2011A,upper,SJM 11-003,primary,BOYD,COL000006
state,us,co,2011A,upper,SJM 11-003,primary,SUMMERS,COL000053
state,us,co,2011A,upper,SB 11-169,primary,BOYD,COL000006
state,us,co,2011A,upper,SB 11-169,primary,SUMMERS,COL000053
state,us,co,2011A,upper,SB 11-197,primary,BOYD,COL000006
state,us,co,2011A,upper,SB 11-197,primary,ACREE,COL000061
state,us,co,2011A,upper,SB 11-084,primary,BOYD,COL000006
state,us,co,2011A,upper,SB 11-084,primary,SUMMERS,COL000053
state,us,co,2011A,upper,SB 11-087,primary,BOYD,COL000006
state,us,co,2011A,upper,SB 11-087,primary,FIELDS,COL000059
state,us,co,2011A,upper,SB 11-194,primary,BOYD,COL000006
state,us,co,2011A,upper,SB 11-196,primary,BOYD,COL000006
state,us,co,2011A,upper,SB 11-196,primary,SUMMERS,COL000053
state,us,co,2011A,upper,SB 11-200,primary,BOYD,COL000006
state,us,co,2011A,upper,SB 11-200,primary,STEPHENS,COL000051
state,us,co,2011A,upper,SB 11-206,primary,BOYD,COL000006
state,us,co,2011A,upper,SB 11-206,primary,BRADFORD,COL000096
state,us,co,2011A,upper,SB 11-250,primary,BOYD,COL000006
state,us,co,2011A,upper,SB 11-250,primary,FERRANDINO,COL000066
state,us,co,2011A,upper,SR 11-005,primary,BOYD,COL000006
state,us,co,2011A,upper,SB 11-038,primary,MITCHELL,COL000008
state,us,co,2011A,upper,SB 11-071,primary,MITCHELL,COL000008
state,us,co,2011A,upper,SB 11-073,primary,MITCHELL,COL000008
state,us,co,2011A,upper,SB 11-116,primary,MITCHELL,COL000008
state,us,co,2011A,upper,SB 11-116,primary,KERR A.,COL000049
state,us,co,2011A,upper,SB 11-117,primary,MITCHELL,COL000008
state,us,co,2011A,upper,SB 11-049,primary,WILLIAMS S.,COL000009
state,us,co,2011A,upper,SB 11-049,primary,RYDEN,COL000092
state,us,co,2011A,upper,SB 11-102,primary,WILLIAMS S.,COL000009
state,us,co,2011A,upper,SB 11-102,primary,TODD,COL000062
state,us,co,2011A,upper,SB 11-131,primary,WILLIAMS S.,COL000009
state,us,co,2011A,upper,SB 11-131,primary,SOLANO,COL000089
state,us,co,2011A,upper,SJR 11-010,primary,WILLIAMS S.,COL000009
state,us,co,2011A,upper,SJR 11-010,primary,TODD,COL000062
state,us,co,2011A,upper,SJR 11-029,primary,WILLIAMS S.,COL000009
state,us,co,2011A,upper,SJR 11-029,primary,LABUDA,COL000063
state,us,co,2011A,upper,SB 11-002,primary,CARROLL,COL000010
state,us,co,2011A,upper,SB 11-002,primary,KERR J.,COL000038
state,us,co,2011A,upper,SB 11-025,primary,CARROLL,COL000010
state,us,co,2011A,upper,SB 11-025,primary,FERRANDINO,COL000066
state,us,co,2011A,upper,SB 11-068,primary,CARROLL,COL000010
state,us,co,2011A,upper,SB 11-068,primary,SOLANO,COL000089
state,us,co,2011A,upper,SB 11-072,primary,CARROLL,COL000010
state,us,co,2011A,upper,SB 11-072,primary,LEVY,COL000081
state,us,co,2011A,upper,SB 11-176,primary,CARROLL,COL000010
state,us,co,2011A,upper,SB 11-176,primary,LEVY,COL000081
state,us,co,2011A,upper,SJR 11-051,primary,CARROLL,COL000010
state,us,co,2011A,upper,SJR 11-051,primary,FIELDS,COL000059
state,us,co,2011A,upper,SB 11-088,primary,CARROLL,COL000010
state,us,co,2011A,upper,SB 11-088,primary,ACREE,COL000061
state,us,co,2011A,upper,SB 11-115,primary,CARROLL,COL000010
state,us,co,2011A,upper,SB 11-115,primary,MIKLOSI,COL000071
state,us,co,2011A,upper,SB 11-175,primary,CARROLL,COL000010
state,us,co,2011A,upper,SB 11-175,primary,LEVY,COL000081
state,us,co,2011A,upper,SB 11-179,primary,CARROLL,COL000010
state,us,co,2011A,upper,SB 11-179,primary,MIKLOSI,COL000071
state,us,co,2011A,upper,SB 11-182,primary,CARROLL,COL000010
state,us,co,2011A,upper,SB 11-182,primary,LISTON,COL000086
state,us,co,2011A,upper,SB 11-253,primary,CARROLL,COL000010
state,us,co,2011A,upper,SB 11-253,primary,WILLIAMS A.,COL000069
state,us,co,2011A,upper,SB 11-257,primary,CARROLL,COL000010
state,us,co,2011A,upper,SB 11-012,primary,BROPHY,COL000011
state,us,co,2011A,upper,SB 11-012,primary,MASSEY,COL000040
state,us,co,2011A,upper,SB 11-022,primary,BROPHY,COL000011
state,us,co,2011A,upper,SB 11-036,primary,BROPHY,COL000011
state,us,co,2011A,upper,SB 11-036,primary,KERR A.,COL000049
state,us,co,2011A,upper,SB 11-099,primary,BROPHY,COL000011
state,us,co,2011A,upper,SB 11-099,primary,SONNENBERG,COL000045
state,us,co,2011A,upper,SB 11-091,primary,BROPHY,COL000011
state,us,co,2011A,upper,SB 11-091,primary,MCKINLEY,COL000044
state,us,co,2011A,upper,SJR 11-017,primary,BROPHY,COL000011
state,us,co,2011A,upper,SJR 11-017,primary,SONNENBERG,COL000045
state,us,co,2011A,upper,SJR 11-026,primary,BROPHY,COL000011
state,us,co,2011A,upper,SJR 11-026,primary,PACE,COL000055
state,us,co,2011A,upper,SB 11-195,primary,BROPHY,COL000011
state,us,co,2011A,upper,SB 11-195,primary,SONNENBERG,COL000045
state,us,co,2011A,upper,SJM 11-004,primary,BROPHY,COL000011
state,us,co,2011A,upper,SJM 11-004,primary,SOLANO,COL000089
state,us,co,2011A,upper,SB 11-011,primary,GIRON,COL000012
state,us,co,2011A,upper,SB 11-011,primary,FISCHER,COL000093
state,us,co,2011A,upper,SB 11-051,primary,GIRON,COL000012
state,us,co,2011A,upper,SB 11-051,primary,SWERDFEGER,COL000056
state,us,co,2011A,upper,SB 11-063,primary,GIRON,COL000012
state,us,co,2011A,upper,SB 11-063,primary,KEFALAS,COL000094
state,us,co,2011A,upper,SB 11-092,primary,GIRON,COL000012
state,us,co,2011A,upper,SB 11-092,primary,HAMNER,COL000090
state,us,co,2011A,upper,SB 11-235,primary,GIRON,COL000012
state,us,co,2011A,upper,SB 11-235,primary,PACE,COL000055
state,us,co,2011A,upper,SJR 11-021,primary,GIRON,COL000012
state,us,co,2011A,upper,SJR 11-021,primary,WILLIAMS A.,COL000069
state,us,co,2011A,upper,SJR 11-030,primary,GIRON,COL000012
state,us,co,2011A,upper,SJR 11-030,primary,PABON,COL000068
state,us,co,2011A,upper,SB 11-126,primary,GIRON,COL000012
state,us,co,2011A,upper,SB 11-126,primary,MIKLOSI,COL000071
state,us,co,2011A,upper,SB 11-204,primary,GIRON,COL000012
state,us,co,2011A,upper,SB 11-204,primary,SWERDFEGER,COL000056
state,us,co,2011A,upper,SB 11-246,primary,GIRON,COL000012
state,us,co,2011A,upper,SB 11-246,primary,BARKER,COL000085
state,us,co,2011A,upper,SB 11-007,primary,GRANTHAM,COL000013
state,us,co,2011A,upper,SB 11-007,primary,BECKER,COL000043
state,us,co,2011A,upper,SB 11-016,primary,GRANTHAM,COL000013
state,us,co,2011A,upper,SB 11-016,primary,BARKER,COL000085
state,us,co,2011A,upper,SB 11-064,primary,GRANTHAM,COL000013
state,us,co,2011A,upper,SB 11-095,primary,GRANTHAM,COL000013
state,us,co,2011A,upper,SB 11-095,primary,CONTI,COL000076
state,us,co,2011A,upper,SJR 11-034,primary,GRANTHAM,COL000013
state,us,co,2011A,upper,SJR 11-034,primary,BARKER,COL000085
state,us,co,2011A,upper,SJR 11-039,primary,GRANTHAM,COL000013
state,us,co,2011A,upper,SJR 11-039,primary,GEROU,COL000048
state,us,co,2011A,upper,SB 11-077,primary,GRANTHAM,COL000013
state,us,co,2011A,upper,SB 11-077,primary,BECKER,COL000043
state,us,co,2011A,upper,SB 11-028,primary,SCHWARTZ,COL000014
state,us,co,2011A,upper,SB 11-028,primary,CORAM,COL000078
state,us,co,2011A,upper,SB 11-090,primary,SCHWARTZ,COL000014
state,us,co,2011A,upper,SB 11-090,primary,BAUMGARDNER,COL000099
state,us,co,2011A,upper,SJR 11-008,primary,SCHWARTZ,COL000014
state,us,co,2011A,upper,SJR 11-008,primary,TODD,COL000062
state,us,co,2011A,upper,SB 11-267,primary,SCHWARTZ,COL000014
state,us,co,2011A,upper,SB 11-267,primary,CORAM,COL000078
state,us,co,2011A,upper,SJM 11-002,primary,SCHWARTZ,COL000014
state,us,co,2011A,upper,SJM 11-002,primary,WILSON,COL000041
state,us,co,2011A,upper,SJR 11-018,primary,SCHWARTZ,COL000014
state,us,co,2011A,upper,SJR 11-018,primary,BRADFORD,COL000096
state,us,co,2011A,upper,SJR 11-044,primary,SCHWARTZ,COL000014
state,us,co,2011A,upper,SJR 11-044,primary,JONES,COL000082
state,us,co,2011A,upper,SB 11-203,primary,SCHWARTZ,COL000014
state,us,co,2011A,upper,SB 11-203,primary,SONNENBERG,COL000045
state,us,co,2011A,upper,SB 11-208,primary,SCHWARTZ,COL000014
state,us,co,2011A,upper,SB 11-208,primary,SONNENBERG,COL000045
state,us,co,2011A,upper,SB 11-258,primary,SCHWARTZ,COL000014
state,us,co,2011A,upper,SB 11-258,primary,VIGIL,COL000042
state,us,co,2011A,upper,SB 11-269,primary,SCHWARTZ,COL000014
state,us,co,2011A,upper,SB 11-269,primary,KERR A.,COL000049
state,us,co,2011A,upper,SB 11-026,primary,SCHEFFEL,COL000015
state,us,co,2011A,upper,SB 11-026,primary,HOLBERT,COL000057
state,us,co,2011A,upper,SJR 11-037,primary,SCHEFFEL,COL000015
state,us,co,2011A,upper,SJR 11-037,primary,HAMNER,COL000090
state,us,co,2011A,upper,SJR 11-043,primary,SCHEFFEL,COL000015
state,us,co,2011A,upper,SJR 11-043,primary,MASSEY,COL000040
state,us,co,2011A,upper,SB 11-118,primary,SCHEFFEL,COL000015
state,us,co,2011A,upper,SB 11-262,primary,SCHEFFEL,COL000015
state,us,co,2011A,upper,SB 11-262,primary,MURRAY,COL000058
state,us,co,2011A,upper,SB 11-027,primary,KING S.,COL000016
state,us,co,2011A,upper,SB 11-046,primary,KING S.,COL000016
state,us,co,2011A,upper,SB 11-098,primary,KING S.,COL000016
state,us,co,2011A,upper,SB 11-113,primary,KING S.,COL000016
state,us,co,2011A,upper,SB 11-241,primary,KING S.,COL000016
state,us,co,2011A,upper,SB 11-241,primary,GARDNER B.,COL000052
state,us,co,2011A,upper,SJR 11-050,primary,KING S.,COL000016
state,us,co,2011A,upper,SJR 11-050,primary,SCOTT,COL000037
state,us,co,2011A,upper,SB 11-082,primary,KING S.,COL000016
state,us,co,2011A,upper,SB 11-082,primary,ACREE,COL000061
state,us,co,2011A,upper,SB 11-093,primary,KING S.,COL000016
state,us,co,2011A,upper,SB 11-093,primary,VAAD,COL000098
state,us,co,2011A,upper,SB 11-173,primary,KING S.,COL000016
state,us,co,2011A,upper,SB 11-173,primary,GARDNER B.,COL000052
state,us,co,2011A,upper,SB 11-035,primary,ROBERTS,COL000017
state,us,co,2011A,upper,SB 11-035,primary,CORAM,COL000078
state,us,co,2011A,upper,SB 11-050,primary,ROBERTS,COL000017
state,us,co,2011A,upper,SB 11-050,primary,GEROU,COL000048
state,us,co,2011A,upper,SJM 11-001,primary,ROBERTS,COL000017
state,us,co,2011A,upper,SJM 11-001,primary,BROWN,COL000077
state,us,co,2011A,upper,SJR 11-042,primary,ROBERTS,COL000017
state,us,co,2011A,upper,SJR 11-042,primary,BROWN,COL000077
state,us,co,2011A,upper,SB 11-083,primary,ROBERTS,COL000017
state,us,co,2011A,upper,SB 11-083,primary,BARKER,COL000085
state,us,co,2011A,upper,SB 11-104,primary,ROBERTS,COL000017
state,us,co,2011A,upper,SB 11-104,primary,HOLBERT,COL000057
state,us,co,2011A,upper,SB 11-201,primary,ROBERTS,COL000017
state,us,co,2011A,upper,SB 11-201,primary,BARKER,COL000085
state,us,co,2011A,upper,SB 11-261,primary,ROBERTS,COL000017
state,us,co,2011A,upper,SB 11-261,primary,GARDNER B.,COL000052
state,us,co,2011A,upper,SJR 11-005,primary,ROBERTS,COL000017
state,us,co,2011A,upper,SJR 11-005,primary,GEROU,COL000048
state,us,co,2011A,upper,SB 11-023,primary,LAMBERT,COL000018
state,us,co,2011A,upper,SB 11-023,primary,PRIOLA,COL000036
state,us,co,2011A,upper,SB 11-054,primary,LAMBERT,COL000018
state,us,co,2011A,upper,SB 11-054,primary,BALMER,COL000074
state,us,co,2011A,upper,SB 11-074,primary,LAMBERT,COL000018
state,us,co,2011A,upper,SB 11-074,primary,KERR J.,COL000038
state,us,co,2011A,upper,SB 11-097,primary,LAMBERT,COL000018
state,us,co,2011A,upper,SB 11-097,primary,HOLBERT,COL000057
state,us,co,2011A,upper,SCR 11-002,primary,LAMBERT,COL000018
state,us,co,2011A,upper,SCR 11-002,primary,HOLBERT,COL000057
state,us,co,2011A,upper,SCR 11-003,primary,LAMBERT,COL000018
state,us,co,2011A,upper,SCR 11-003,primary,JOSHI,COL000084
state,us,co,2011A,upper,SCR 11-004,primary,LAMBERT,COL000018
state,us,co,2011A,upper,SCR 11-004,primary,JOSHI,COL000084
state,us,co,2011A,upper,SB 11-156,primary,LAMBERT,COL000018
state,us,co,2011A,upper,SB 11-156,primary,BECKER,COL000043
state,us,co,2011A,upper,SB 11-161,primary,LAMBERT,COL000018
state,us,co,2011A,upper,SB 11-161,primary,BECKER,COL000043
state,us,co,2011A,upper,SB 11-163,primary,LAMBERT,COL000018
state,us,co,2011A,upper,SB 11-163,primary,GEROU,COL000048
state,us,co,2011A,upper,SB 11-181,primary,LAMBERT,COL000018
state,us,co,2011A,upper,SB 11-181,primary,KERR J.,COL000038
state,us,co,2011A,upper,SJR 11-009,primary,LAMBERT,COL000018
state,us,co,2011A,upper,SJR 11-009,primary,GEROU,COL000048
state,us,co,2011A,upper,SB 11-125,primary,WHITE,COL000019
state,us,co,2011A,upper,SB 11-125,primary,SONNENBERG,COL000045
state,us,co,2011A,upper,SJR 11-040,primary,WHITE,COL000019
state,us,co,2011A,upper,SJR 11-040,primary,BROWN,COL000077
state,us,co,2011A,upper,SB 11-081,primary,WHITE,COL000019
state,us,co,2011A,upper,SB 11-081,primary,MCCANN,COL000072
state,us,co,2011A,upper,SB 11-020,primary,MORSE,COL000020
state,us,co,2011A,upper,SB 11-020,primary,STEPHENS,COL000051
state,us,co,2011A,upper,SB 11-107,primary,MORSE,COL000020
state,us,co,2011A,upper,SB 11-107,primary,BARKER,COL000085
state,us,co,2011A,upper,SJR 11-011,primary,MORSE,COL000020
state,us,co,2011A,upper,SJR 11-011,primary,MASSEY,COL000040
state,us,co,2011A,upper,SJR 11-012,primary,MORSE,COL000020
state,us,co,2011A,upper,SJR 11-012,primary,GEROU,COL000048
state,us,co,2011A,upper,SJR 11-022,primary,MORSE,COL000020
state,us,co,2011A,upper,SJR 11-022,primary,STEPHENS,COL000051
state,us,co,2011A,upper,SJR 11-032,primary,MORSE,COL000020
state,us,co,2011A,upper,SJR 11-032,primary,STEPHENS,COL000051
state,us,co,2011A,upper,SJR 11-052,primary,MORSE,COL000020
state,us,co,2011A,upper,SJR 11-052,primary,BARKER,COL000085
state,us,co,2011A,upper,SJR 11-054,primary,MORSE,COL000020
state,us,co,2011A,upper,SJR 11-054,primary,STEPHENS,COL000051
state,us,co,2011A,upper,SR 11-001,primary,MORSE,COL000020
state,us,co,2011A,upper,SR 11-002,primary,MORSE,COL000020
state,us,co,2011A,upper,SR 11-003,primary,MORSE,COL000020
state,us,co,2011A,upper,SB 11-078,primary,MORSE,COL000020
state,us,co,2011A,upper,SB 11-078,primary,GARDNER B.,COL000052
state,us,co,2011A,upper,SB 11-186,primary,MORSE,COL000020
state,us,co,2011A,upper,SB 11-186,primary,WALLER,COL000083
state,us,co,2011A,upper,SB 11-198,primary,MORSE,COL000020
state,us,co,2011A,upper,SB 11-198,primary,STEPHENS,COL000051
state,us,co,2011A,upper,SB 11-260,primary,MORSE,COL000020
state,us,co,2011A,upper,SB 11-260,primary,LEE,COL000088
state,us,co,2011A,upper,SJR 11-001,primary,MORSE,COL000020
state,us,co,2011A,upper,SJR 11-001,primary,STEPHENS,COL000051
state,us,co,2011A,upper,SJR 11-002,primary,MORSE,COL000020
state,us,co,2011A,upper,SJR 11-002,primary,MASSEY,COL000040
state,us,co,2011A,upper,SB 11-031,primary,CADMAN,COL000021
state,us,co,2011A,upper,SB 11-031,primary,LOOPER,COL000087
state,us,co,2011A,upper,SB 11-059,primary,CADMAN,COL000021
state,us,co,2011A,upper,SB 11-062,primary,CADMAN,COL000021
state,us,co,2011A,upper,SB 11-062,primary,MURRAY,COL000058
state,us,co,2011A,upper,SB 11-112,primary,CADMAN,COL000021
state,us,co,2011A,upper,SB 11-202,primary,CADMAN,COL000021
state,us,co,2011A,upper,SB 11-202,primary,GARDNER B.,COL000052
state,us,co,2011A,upper,SB 11-030,primary,RENFROE,COL000022
state,us,co,2011A,upper,SB 11-030,primary,DELGROSSO,COL000091
state,us,co,2011A,upper,SB 11-053,primary,RENFROE,COL000022
state,us,co,2011A,upper,SB 11-053,primary,SONNENBERG,COL000045
state,us,co,2011A,upper,SB 11-058,primary,RENFROE,COL000022
state,us,co,2011A,upper,SB 11-127,primary,RENFROE,COL000022
state,us,co,2011A,upper,SB 11-019,primary,KING K.,COL000023
state,us,co,2011A,upper,SB 11-019,primary,STEPHENS,COL000051
state,us,co,2011A,upper,SB 11-024,primary,KING K.,COL000023
state,us,co,2011A,upper,SB 11-024,primary,LOOPER,COL000087
state,us,co,2011A,upper,SB 11-048,primary,KING K.,COL000023
state,us,co,2011A,upper,SB 11-048,primary,SWALM,COL000097
state,us,co,2011A,upper,SB 11-132,primary,KING K.,COL000023
state,us,co,2011A,upper,SB 11-132,primary,CASSO,COL000046
state,us,co,2011A,upper,SJR 11-006,primary,KING K.,COL000023
state,us,co,2011A,upper,SJR 11-006,primary,MASSEY,COL000040
state,us,co,2011A,upper,SJR 11-048,primary,KING K.,COL000023
state,us,co,2011A,upper,SJR 11-048,primary,MASSEY,COL000040
state,us,co,2011A,upper,SB 11-111,primary,KING K.,COL000023
state,us,co,2011A,upper,SB 11-111,primary,MASSEY,COL000040
state,us,co,2011A,upper,SB 11-259,primary,KING K.,COL000023
state,us,co,2011A,upper,SB 11-259,primary,MASSEY,COL000040
state,us,co,2011A,upper,SB 11-006,primary,LUNDBERG,COL000024
state,us,co,2011A,upper,SB 11-055,primary,LUNDBERG,COL000024
state,us,co,2011A,upper,SB 11-055,primary,JOSHI,COL000084
state,us,co,2011A,upper,SB 11-056,primary,LUNDBERG,COL000024
state,us,co,2011A,upper,SB 11-056,primary,BALMER,COL000074
state,us,co,2011A,upper,SB 11-121,primary,LUNDBERG,COL000024
state,us,co,2011A,upper,SB 11-121,primary,JOSHI,COL000084
state,us,co,2011A,upper,SB 11-122,primary,LUNDBERG,COL000024
state,us,co,2011A,upper,SB 11-122,primary,DELGROSSO,COL000091
state,us,co,2011A,upper,SJR 11-019,primary,LUNDBERG,COL000024
state,us,co,2011A,upper,SJR 11-019,primary,NIKKEL,COL000073
state,us,co,2011A,upper,SB 11-103,primary,LUNDBERG,COL000024
state,us,co,2011A,upper,SB 11-103,primary,SCOTT,COL000037
state,us,co,2011A,upper,SB 11-237,primary,LUNDBERG,COL000024
state,us,co,2011A,upper,SB 11-001,primary,BACON,COL000025
state,us,co,2011A,upper,SB 11-001,primary,KERR A.,COL000049
state,us,co,2011A,upper,SB 11-005,primary,BACON,COL000025
state,us,co,2011A,upper,SB 11-005,primary,MASSEY,COL000040
state,us,co,2011A,upper,SB 11-191,primary,BACON,COL000025
state,us,co,2011A,upper,SB 11-191,primary,GARDNER B.,COL000052
state,us,co,2011A,upper,SB 11-230,primary,BACON,COL000025
state,us,co,2011A,upper,SB 11-230,primary,MASSEY,COL000040
state,us,co,2011A,upper,SB 11-266,primary,BACON,COL000025
state,us,co,2011A,upper,SB 11-266,primary,RAMIREZ,COL000039
state,us,co,2011A,upper,SJR 11-020,primary,BACON,COL000025
state,us,co,2011A,upper,SJR 11-020,primary,KEFALAS,COL000094
state,us,co,2011A,upper,SJR 11-023,primary,BACON,COL000025
state,us,co,2011A,upper,SJR 11-023,primary,MURRAY,COL000058
state,us,co,2011A,upper,SM 11-001,primary,BACON,COL000025
state,us,co,2011A,upper,SB 11-188,primary,BACON,COL000025
state,us,co,2011A,upper,SB 11-188,primary,CASSO,COL000046
state,us,co,2011A,upper,SB 11-245,primary,BACON,COL000025
state,us,co,2011A,upper,SB 11-245,primary,MURRAY,COL000058
state,us,co,2011A,upper,SB 11-252,primary,BACON,COL000025
state,us,co,2011A,upper,SB 11-252,primary,MURRAY,COL000058
state,us,co,2011A,upper,SB 11-109,primary,SHAFFER B.,COL000026
state,us,co,2011A,upper,SB 11-109,primary,SOLANO,COL000089
state,us,co,2011A,upper,SJR 11-027,primary,SHAFFER B.,COL000026
state,us,co,2011A,upper,SJR 11-027,primary,MCNULTY,COL000060
state,us,co,2011A,upper,SJR 11-047,primary,SHAFFER B.,COL000026
state,us,co,2011A,upper,SJR 11-047,primary,HAMNER,COL000090
state,us,co,2011A,upper,SB 11-085,primary,SHAFFER B.,COL000026
state,us,co,2011A,upper,SB 11-085,primary,MCCANN,COL000072
state,us,co,2011A,upper,SB 11-271,primary,SHAFFER B.,COL000026
state,us,co,2011A,upper,SB 11-271,primary,PACE,COL000055
state,us,co,2011A,upper,SCR 11-001,primary,SHAFFER B.,COL000026
state,us,co,2011A,upper,SCR 11-001,primary,MURRAY,COL000058
state,us,co,2011A,upper,SJR 11-003,primary,SHAFFER B.,COL000026
state,us,co,2011A,upper,SJR 11-003,primary,MCNULTY,COL000060
state,us,co,2011A,upper,SB 11-021,primary,NICHOLSON,COL000027
state,us,co,2011A,upper,SB 11-021,primary,LOOPER,COL000087
state,us,co,2011A,upper,SB 11-034,primary,NICHOLSON,COL000027
state,us,co,2011A,upper,SB 11-034,primary,SUMMERS,COL000053
state,us,co,2011A,upper,SB 11-177,primary,NICHOLSON,COL000027
state,us,co,2011A,upper,SB 11-177,primary,CORAM,COL000078
state,us,co,2011A,upper,SB 11-270,primary,NICHOLSON,COL000027
state,us,co,2011A,upper,SB 11-270,primary,BALMER,COL000074
state,us,co,2011A,upper,SJR 11-013,primary,NICHOLSON,COL000027
state,us,co,2011A,upper,SJR 11-013,primary,DELGROSSO,COL000091
state,us,co,2011A,upper,SJR 11-024,primary,NICHOLSON,COL000027
state,us,co,2011A,upper,SJR 11-024,primary,KEFALAS,COL000094
state,us,co,2011A,upper,SB 11-110,primary,NICHOLSON,COL000027
state,us,co,2011A,upper,SB 11-110,primary,CORAM,COL000078
state,us,co,2011A,upper,SB 11-238,primary,NICHOLSON,COL000027
state,us,co,2011A,upper,SB 11-238,primary,CORAM,COL000078
state,us,co,2011A,upper,SB 11-251,primary,NICHOLSON,COL000027
state,us,co,2011A,upper,SB 11-251,primary,LOOPER,COL000087
state,us,co,2011A,upper,SB 11-255,primary,NICHOLSON,COL000027
state,us,co,2011A,upper,SB 11-255,primary,BALMER,COL000074
state,us,co,2011A,upper,SB 11-029,primary,HUDAK,COL000028
state,us,co,2011A,upper,SB 11-029,primary,SUMMERS,COL000053
state,us,co,2011A,upper,SB 11-069,primary,HUDAK,COL000028
state,us,co,2011A,upper,SB 11-069,primary,MASSEY,COL000040
state,us,co,2011A,upper,SB 11-070,primary,HUDAK,COL000028
state,us,co,2011A,upper,SB 11-070,primary,RAMIREZ,COL000039
state,us,co,2011A,upper,SJR 11-004,primary,HUDAK,COL000028
state,us,co,2011A,upper,SJR 11-004,primary,SUMMERS,COL000053
state,us,co,2011A,upper,SJR 11-038,primary,HUDAK,COL000028
state,us,co,2011A,upper,SJR 11-038,primary,DURAN,COL000067
state,us,co,2011A,upper,SB 11-080,primary,HUDAK,COL000028
state,us,co,2011A,upper,SB 11-080,primary,TODD,COL000062
state,us,co,2011A,upper,SB 11-100,primary,HUDAK,COL000028
state,us,co,2011A,upper,SB 11-100,primary,MURRAY,COL000058
state,us,co,2011A,upper,SB 11-133,primary,HUDAK,COL000028
state,us,co,2011A,upper,SB 11-133,primary,NIKKEL,COL000073
state,us,co,2011A,upper,SB 11-227,primary,HUDAK,COL000028
state,us,co,2011A,upper,SB 11-227,primary,VAAD,COL000098
state,us,co,2011A,upper,SB 11-240,primary,HUDAK,COL000028
state,us,co,2011A,upper,SB 11-240,primary,MURRAY,COL000058
state,us,co,2011A,upper,SB 11-247,primary,HUDAK,COL000028
state,us,co,2011A,upper,SB 11-247,primary,KERR J.,COL000038
state,us,co,2011A,upper,SB 11-037,primary,HEATH,COL000029
state,us,co,2011A,upper,SB 11-037,primary,KERR J.,COL000038
state,us,co,2011A,upper,SB 11-047,primary,HEATH,COL000029
state,us,co,2011A,upper,SB 11-047,primary,GEROU,COL000048
state,us,co,2011A,upper,SB 11-052,primary,HEATH,COL000029
state,us,co,2011A,upper,SB 11-052,primary,MASSEY,COL000040
state,us,co,2011A,upper,SJR 11-014,primary,HEATH,COL000029
state,us,co,2011A,upper,SJR 11-014,primary,SUMMERS,COL000053
state,us,co,2011A,upper,SJR 11-033,primary,HEATH,COL000029
state,us,co,2011A,upper,SB 11-174,primary,HEATH,COL000029
state,us,co,2011A,upper,SB 11-174,primary,GEROU,COL000048
state,us,co,2011A,upper,SB 11-189,primary,HEATH,COL000029
state,us,co,2011A,upper,SB 11-189,primary,MURRAY,COL000058
state,us,co,2011A,upper,SB 11-268,primary,HEATH,COL000029
state,us,co,2011A,upper,SB 11-268,primary,PABON,COL000068
state,us,co,2011A,upper,SB 11-009,primary,STEADMAN,COL000030
state,us,co,2011A,upper,SB 11-009,primary,FISCHER,COL000093
state,us,co,2011A,upper,SB 11-043,primary,STEADMAN,COL000030
state,us,co,2011A,upper,SB 11-043,primary,MASSEY,COL000040
state,us,co,2011A,upper,SB 11-044,primary,STEADMAN,COL000030
state,us,co,2011A,upper,SB 11-044,primary,LEVY,COL000081
state,us,co,2011A,upper,SB 11-076,primary,STEADMAN,COL000030
state,us,co,2011A,upper,SB 11-076,primary,BECKER,COL000043
state,us,co,2011A,upper,SB 11-158,primary,STEADMAN,COL000030
state,us,co,2011A,upper,SB 11-158,primary,GEROU,COL000048
state,us,co,2011A,upper,SB 11-184,primary,STEADMAN,COL000030
state,us,co,2011A,upper,SB 11-184,primary,FERRANDINO,COL000066
state,us,co,2011A,upper,SJR 11-031,primary,STEADMAN,COL000030
state,us,co,2011A,upper,SB 11-096,primary,STEADMAN,COL000030
state,us,co,2011A,upper,SB 11-096,primary,MCCANN,COL000072
state,us,co,2011A,upper,SB 11-157,primary,STEADMAN,COL000030
state,us,co,2011A,upper,SB 11-157,primary,FERRANDINO,COL000066
state,us,co,2011A,upper,SB 11-159,primary,STEADMAN,COL000030
state,us,co,2011A,upper,SB 11-159,primary,FERRANDINO,COL000066
state,us,co,2011A,upper,SB 11-160,primary,STEADMAN,COL000030
state,us,co,2011A,upper,SB 11-160,primary,GEROU,COL000048
state,us,co,2011A,upper,SB 11-172,primary,STEADMAN,COL000030
state,us,co,2011A,upper,SB 11-172,primary,FERRANDINO,COL000066
state,us,co,2011A,upper,SB 11-228,primary,STEADMAN,COL000030
state,us,co,2011A,upper,SB 11-228,primary,GEROU,COL000048
state,us,co,2011A,upper,SB 11-229,primary,STEADMAN,COL000030
state,us,co,2011A,upper,SB 11-229,primary,FERRANDINO,COL000066
state,us,co,2011A,upper,SB 11-231,primary,STEADMAN,COL000030
state,us,co,2011A,upper,SB 11-231,primary,NIKKEL,COL000073
state,us,co,2011A,upper,SB 11-244,primary,STEADMAN,COL000030
state,us,co,2011A,upper,SB 11-244,primary,KAGAN,COL000065
state,us,co,2011A,upper,SB 11-254,primary,STEADMAN,COL000030
state,us,co,2011A,upper,SB 11-254,primary,PACE,COL000055
state,us,co,2011A,upper,SB 11-273,primary,STEADMAN,COL000030
state,us,co,2011A,upper,SB 11-273,primary,MASSEY,COL000040
state,us,co,2011A,upper,SB 11-018,primary,HARVEY,COL000031
state,us,co,2011A,upper,SB 11-018,primary,HOLBERT,COL000057
state,us,co,2011A,upper,SB 11-057,primary,HARVEY,COL000031
state,us,co,2011A,upper,SB 11-057,primary,MCNULTY,COL000060
state,us,co,2011A,upper,SB 11-065,primary,HARVEY,COL000031
state,us,co,2011A,upper,SB 11-065,primary,KAGAN,COL000065
state,us,co,2011A,upper,SB 11-129,primary,HARVEY,COL000031
state,us,co,2011A,upper,SB 11-015,primary,FOSTER,COL000032
state,us,co,2011A,upper,SB 11-015,primary,MIKLOSI,COL000071
state,us,co,2011A,upper,SB 11-114,primary,FOSTER,COL000032
state,us,co,2011A,upper,SB 11-114,primary,DURAN,COL000067
state,us,co,2011A,upper,SB 11-086,primary,FOSTER,COL000032
state,us,co,2011A,upper,SB 11-086,primary,MURRAY,COL000058
state,us,co,2011A,upper,SB 11-123,primary,FOSTER,COL000032
state,us,co,2011A,upper,SB 11-123,primary,SUMMERS,COL000053
state,us,co,2011A,upper,SB 11-004,primary,GUZMAN,COL000033
state,us,co,2011A,upper,SB 11-004,primary,PABON,COL000068
state,us,co,2011A,upper,SB 11-042,primary,GUZMAN,COL000033
state,us,co,2011A,upper,SB 11-042,primary,PABON,COL000068
state,us,co,2011A,upper,SB 11-105,primary,GUZMAN,COL000033
state,us,co,2011A,upper,SB 11-105,primary,LEVY,COL000081
state,us,co,2011A,upper,SB 11-119,primary,GUZMAN,COL000033
state,us,co,2011A,upper,SB 11-119,primary,PABON,COL000068
state,us,co,2011A,upper,SB 11-075,primary,GUZMAN,COL000033
state,us,co,2011A,upper,SB 11-165,primary,GUZMAN,COL000033
state,us,co,2011A,upper,SB 11-165,primary,KERR A.,COL000049
state,us,co,2011A,upper,SB 11-243,primary,GUZMAN,COL000033
state,us,co,2011A,upper,SB 11-243,primary,PABON,COL000068
state,us,co,2011A,upper,SB 11-256,primary,GUZMAN,COL000033
state,us,co,2011A,upper,SB 11-256,primary,FERRANDINO,COL000066
state,us,co,2011A,upper,SB 11-032,primary,JOHNSTON,COL000034
state,us,co,2011A,upper,SB 11-045,primary,JOHNSTON,COL000034
state,us,co,2011A,upper,SB 11-045,primary,LEVY,COL000081
state,us,co,2011A,upper,SB 11-130,primary,JOHNSTON,COL000034
state,us,co,2011A,upper,SB 11-130,primary,KERR A.,COL000049
state,us,co,2011A,upper,SB 11-185,primary,JOHNSTON,COL000034
state,us,co,2011A,upper,SB 11-185,primary,DURAN,COL000067
state,us,co,2011A,upper,SB 11-265,primary,JOHNSTON,COL000034
state,us,co,2011A,upper,SB 11-265,primary,DURAN,COL000067
state,us,co,2011A,upper,SB 11-166,primary,JOHNSTON,COL000034
state,us,co,2011A,upper,SB 11-166,primary,WILSON,COL000041
state,us,co,2011A,upper,SB 11-168,primary,AGUILAR,COL000035
state,us,co,2011A,upper,SB 11-168,primary,KEFALAS,COL000094
state,us,co,2011A,upper,SB 11-170,primary,AGUILAR,COL000035
state,us,co,2011A,upper,SB 11-170,primary,FERRANDINO,COL000066
state,us,co,2011A,upper,SB 11-171,primary,AGUILAR,COL000035
state,us,co,2011A,upper,SB 11-192,primary,AGUILAR,COL000035
state,us,co,2011A,upper,SB 11-192,primary,MASSEY,COL000040
state,us,co,2011A,upper,SJR 11-016,primary,AGUILAR,COL000035
state,us,co,2011A,upper,SJR 11-016,primary,KERR J.,COL000038
state,us,co,2011A,upper,SB 11-183,primary,AGUILAR,COL000035
state,us,co,2011A,upper,SB 11-183,primary,GARDNER B.,COL000052
state,us,co,2011A,upper,SB 11-190,primary,AGUILAR,COL000035
state,us,co,2011A,upper,SB 11-190,primary,COURT,COL000070
state,us,co,2011A,upper,SB 11-193,primary,AGUILAR,COL000035
state,us,co,2011A,upper,SB 11-193,primary,GARDNER B.,COL000052
state,us,co,2011A,upper,SB 11-242,primary,AGUILAR,COL000035
state,us,co,2011A,upper,SB 11-242,primary,MIKLOSI,COL000071
